[{"model": "admin.logentry", "pk": 484, "fields": {"action_time": "2024-08-27T09:37:30.352Z", "user": 1, "content_type": 11, "object_id": "37", "object_repr": "Pudensi", "action_flag": 3, "change_message": ""}}, {"model": "admin.logentry", "pk": 481, "fields": {"action_time": "2024-08-22T15:15:11.459Z", "user": 1, "content_type": 11, "object_id": "24", "object_repr": "Gilbert", "action_flag": 3, "change_message": ""}}, {"model": "admin.logentry", "pk": 482, "fields": {"action_time": "2024-08-22T15:15:11.459Z", "user": 1, "content_type": 11, "object_id": "23", "object_repr": "Armand", "action_flag": 3, "change_message": ""}}, {"model": "admin.logentry", "pk": 483, "fields": {"action_time": "2024-08-22T15:15:11.459Z", "user": 1, "content_type": 11, "object_id": "22", "object_repr": "Muyirama", "action_flag": 3, "change_message": ""}}, {"model": "admin.logentry", "pk": 480, "fields": {"action_time": "2024-08-22T15:15:11.458Z", "user": 1, "content_type": 11, "object_id": "25", "object_repr": "Richard", "action_flag": 3, "change_message": ""}}, {"model": "admin.logentry", "pk": 479, "fields": {"action_time": "2024-08-22T15:15:11.454Z", "user": 1, "content_type": 11, "object_id": "26", "object_repr": "Aime Patrick", "action_flag": 3, "change_message": ""}}, {"model": "admin.logentry", "pk": 478, "fields": {"action_time": "2024-08-22T15:15:11.448Z", "user": 1, "content_type": 11, "object_id": "27", "object_repr": "Lewis", "action_flag": 3, "change_message": ""}}, {"model": "admin.logentry", "pk": 477, "fields": {"action_time": "2024-07-21T12:51:18.973Z", "user": 1, "content_type": 9, "object_id": "231", "object_repr": "Armand's entry on 2024-07-10 11:58:32.739618+00:00", "action_flag": 3, "change_message": ""}}, {"model": "admin.logentry", "pk": 476, "fields": {"action_time": "2024-07-21T12:51:18.970Z", "user": 1, "content_type": 9, "object_id": "232", "object_repr": "Armand's entry on 2024-07-10 11:58:43.954708+00:00", "action_flag": 3, "change_message": ""}}, {"model": "admin.logentry", "pk": 475, "fields": {"action_time": "2024-07-21T12:51:18.968Z", "user": 1, "content_type": 9, "object_id": "233", "object_repr": "Aime Patrick's entry on 2024-07-10 12:06:18.399200+00:00", "action_flag": 3, "change_message": ""}}, {"model": "admin.logentry", "pk": 474, "fields": {"action_time": "2024-07-21T12:51:18.965Z", "user": 1, "content_type": 9, "object_id": "234", "object_repr": "Richard's entry on 2024-07-10 12:06:26.478077+00:00", "action_flag": 3, "change_message": ""}}, {"model": "admin.logentry", "pk": 473, "fields": {"action_time": "2024-07-21T12:51:18.962Z", "user": 1, "content_type": 9, "object_id": "235", "object_repr": "Gilbert's entry on 2024-07-10 12:06:33.231976+00:00", "action_flag": 3, "change_message": ""}}, {"model": "admin.logentry", "pk": 472, "fields": {"action_time": "2024-07-21T12:51:18.959Z", "user": 1, "content_type": 9, "object_id": "236", "object_repr": "Muyirama's entry on 2024-07-10 12:06:40.822490+00:00", "action_flag": 3, "change_message": ""}}, {"model": "admin.logentry", "pk": 471, "fields": {"action_time": "2024-07-21T12:51:18.956Z", "user": 1, "content_type": 9, "object_id": "237", "object_repr": "Gilbert's entry on 2024-07-10 12:08:44.897814+00:00", "action_flag": 3, "change_message": ""}}, {"model": "admin.logentry", "pk": 470, "fields": {"action_time": "2024-07-21T12:51:18.952Z", "user": 1, "content_type": 9, "object_id": "238", "object_repr": "Gilbert's entry on 2024-07-10 12:27:02.818899+00:00", "action_flag": 3, "change_message": ""}}, {"model": "admin.logentry", "pk": 469, "fields": {"action_time": "2024-07-21T12:51:18.949Z", "user": 1, "content_type": 9, "object_id": "239", "object_repr": "Gilbert's entry on 2024-07-10 12:27:08.311995+00:00", "action_flag": 3, "change_message": ""}}, {"model": "admin.logentry", "pk": 468, "fields": {"action_time": "2024-07-21T12:51:18.946Z", "user": 1, "content_type": 9, "object_id": "240", "object_repr": "Aime Patrick's entry on 2024-07-10 12:27:36.608678+00:00", "action_flag": 3, "change_message": ""}}, {"model": "admin.logentry", "pk": 467, "fields": {"action_time": "2024-07-21T12:51:18.943Z", "user": 1, "content_type": 9, "object_id": "241", "object_repr": "Muyirama's entry on 2024-07-10 12:30:52.811230+00:00", "action_flag": 3, "change_message": ""}}, {"model": "admin.logentry", "pk": 466, "fields": {"action_time": "2024-07-21T12:51:18.941Z", "user": 1, "content_type": 9, "object_id": "242", "object_repr": "Muyirama's entry on 2024-07-10 12:30:56.795680+00:00", "action_flag": 3, "change_message": ""}}, {"model": "admin.logentry", "pk": 465, "fields": {"action_time": "2024-07-21T12:51:18.938Z", "user": 1, "content_type": 9, "object_id": "243", "object_repr": "Richard's entry on 2024-07-10 12:31:13.698197+00:00", "action_flag": 3, "change_message": ""}}, {"model": "admin.logentry", "pk": 464, "fields": {"action_time": "2024-07-21T12:51:18.936Z", "user": 1, "content_type": 9, "object_id": "244", "object_repr": "Richard's entry on 2024-07-10 12:31:20.573364+00:00", "action_flag": 3, "change_message": ""}}, {"model": "admin.logentry", "pk": 463, "fields": {"action_time": "2024-07-21T12:51:18.933Z", "user": 1, "content_type": 9, "object_id": "245", "object_repr": "Richard's entry on 2024-07-10 12:31:37.584989+00:00", "action_flag": 3, "change_message": ""}}, {"model": "admin.logentry", "pk": 462, "fields": {"action_time": "2024-07-21T12:51:18.931Z", "user": 1, "content_type": 9, "object_id": "246", "object_repr": "Richard's entry on 2024-07-10 12:31:41.373884+00:00", "action_flag": 3, "change_message": ""}}, {"model": "admin.logentry", "pk": 461, "fields": {"action_time": "2024-07-21T12:51:18.928Z", "user": 1, "content_type": 9, "object_id": "247", "object_repr": "Richard's entry on 2024-07-10 12:31:54.595775+00:00", "action_flag": 3, "change_message": ""}}, {"model": "admin.logentry", "pk": 460, "fields": {"action_time": "2024-07-21T12:51:18.925Z", "user": 1, "content_type": 9, "object_id": "248", "object_repr": "Gilbert's entry on 2024-07-10 12:32:03.342444+00:00", "action_flag": 3, "change_message": ""}}, {"model": "admin.logentry", "pk": 459, "fields": {"action_time": "2024-07-21T12:51:18.923Z", "user": 1, "content_type": 9, "object_id": "249", "object_repr": "Richard's entry on 2024-07-10 12:32:15.454649+00:00", "action_flag": 3, "change_message": ""}}, {"model": "admin.logentry", "pk": 458, "fields": {"action_time": "2024-07-21T12:51:18.919Z", "user": 1, "content_type": 9, "object_id": "250", "object_repr": "Aime Patrick's entry on 2024-07-10 12:36:35.042103+00:00", "action_flag": 3, "change_message": ""}}, {"model": "admin.logentry", "pk": 457, "fields": {"action_time": "2024-07-21T12:51:18.917Z", "user": 1, "content_type": 9, "object_id": "251", "object_repr": "Aime Patrick's entry on 2024-07-10 12:36:39.528966+00:00", "action_flag": 3, "change_message": ""}}, {"model": "admin.logentry", "pk": 456, "fields": {"action_time": "2024-07-21T12:51:18.914Z", "user": 1, "content_type": 9, "object_id": "252", "object_repr": "Aime Patrick's entry on 2024-07-10 12:36:43.289641+00:00", "action_flag": 3, "change_message": ""}}, {"model": "admin.logentry", "pk": 455, "fields": {"action_time": "2024-07-21T12:51:18.910Z", "user": 1, "content_type": 9, "object_id": "253", "object_repr": "Muyirama's entry on 2024-07-10 12:39:44.637859+00:00", "action_flag": 3, "change_message": ""}}, {"model": "admin.logentry", "pk": 454, "fields": {"action_time": "2024-07-21T12:51:18.908Z", "user": 1, "content_type": 9, "object_id": "254", "object_repr": "Muyirama's entry on 2024-07-10 12:39:51.272845+00:00", "action_flag": 3, "change_message": ""}}, {"model": "admin.logentry", "pk": 453, "fields": {"action_time": "2024-07-21T12:51:18.905Z", "user": 1, "content_type": 9, "object_id": "255", "object_repr": "Muyirama's entry on 2024-07-10 12:39:55.355255+00:00", "action_flag": 3, "change_message": ""}}, {"model": "admin.logentry", "pk": 452, "fields": {"action_time": "2024-07-21T12:51:18.903Z", "user": 1, "content_type": 9, "object_id": "256", "object_repr": "Gilbert's entry on 2024-07-10 12:39:59.977268+00:00", "action_flag": 3, "change_message": ""}}, {"model": "admin.logentry", "pk": 451, "fields": {"action_time": "2024-07-21T12:51:18.899Z", "user": 1, "content_type": 9, "object_id": "257", "object_repr": "Aime Patrick's entry on 2024-07-10 12:40:12.772482+00:00", "action_flag": 3, "change_message": ""}}, {"model": "admin.logentry", "pk": 450, "fields": {"action_time": "2024-07-21T12:51:18.896Z", "user": 1, "content_type": 9, "object_id": "258", "object_repr": "Richard's entry on 2024-07-10 12:40:31.555218+00:00", "action_flag": 3, "change_message": ""}}, {"model": "admin.logentry", "pk": 449, "fields": {"action_time": "2024-07-21T12:51:18.894Z", "user": 1, "content_type": 9, "object_id": "259", "object_repr": "Richard's entry on 2024-07-10 12:40:39.272469+00:00", "action_flag": 3, "change_message": ""}}, {"model": "admin.logentry", "pk": 448, "fields": {"action_time": "2024-07-21T12:51:18.891Z", "user": 1, "content_type": 9, "object_id": "260", "object_repr": "Muyirama's entry on 2024-07-10 12:40:49.435913+00:00", "action_flag": 3, "change_message": ""}}, {"model": "admin.logentry", "pk": 447, "fields": {"action_time": "2024-07-21T12:51:18.889Z", "user": 1, "content_type": 9, "object_id": "261", "object_repr": "Gilbert's entry on 2024-07-10 12:40:59.572284+00:00", "action_flag": 3, "change_message": ""}}, {"model": "admin.logentry", "pk": 446, "fields": {"action_time": "2024-07-21T12:51:18.886Z", "user": 1, "content_type": 9, "object_id": "262", "object_repr": "Aime Patrick's entry on 2024-07-10 12:41:09.695056+00:00", "action_flag": 3, "change_message": ""}}, {"model": "admin.logentry", "pk": 445, "fields": {"action_time": "2024-07-21T12:51:18.883Z", "user": 1, "content_type": 9, "object_id": "263", "object_repr": "Lewis's entry on 2024-07-10 16:53:09.888229+00:00", "action_flag": 3, "change_message": ""}}, {"model": "admin.logentry", "pk": 444, "fields": {"action_time": "2024-07-21T12:51:18.881Z", "user": 1, "content_type": 9, "object_id": "264", "object_repr": "Lewis's entry on 2024-07-10 16:53:22.745036+00:00", "action_flag": 3, "change_message": ""}}, {"model": "admin.logentry", "pk": 443, "fields": {"action_time": "2024-07-21T12:51:18.878Z", "user": 1, "content_type": 9, "object_id": "265", "object_repr": "Gilbert's entry on 2024-07-10 16:54:28.312125+00:00", "action_flag": 3, "change_message": ""}}, {"model": "admin.logentry", "pk": 442, "fields": {"action_time": "2024-07-21T12:51:18.875Z", "user": 1, "content_type": 9, "object_id": "266", "object_repr": "Gilbert's entry on 2024-07-10 16:54:54.975458+00:00", "action_flag": 3, "change_message": ""}}, {"model": "admin.logentry", "pk": 441, "fields": {"action_time": "2024-07-21T12:51:18.873Z", "user": 1, "content_type": 9, "object_id": "267", "object_repr": "Gilbert's entry on 2024-07-10 16:55:12.850579+00:00", "action_flag": 3, "change_message": ""}}, {"model": "admin.logentry", "pk": 440, "fields": {"action_time": "2024-07-21T12:51:18.869Z", "user": 1, "content_type": 9, "object_id": "268", "object_repr": "Richard's entry on 2024-07-10 16:55:28.989672+00:00", "action_flag": 3, "change_message": ""}}, {"model": "admin.logentry", "pk": 439, "fields": {"action_time": "2024-07-21T12:51:18.867Z", "user": 1, "content_type": 9, "object_id": "269", "object_repr": "Muyirama's entry on 2024-07-10 16:55:52.036786+00:00", "action_flag": 3, "change_message": ""}}, {"model": "admin.logentry", "pk": 438, "fields": {"action_time": "2024-07-21T12:51:18.864Z", "user": 1, "content_type": 9, "object_id": "270", "object_repr": "Aime Patrick's entry on 2024-07-10 16:55:57.333378+00:00", "action_flag": 3, "change_message": ""}}, {"model": "admin.logentry", "pk": 437, "fields": {"action_time": "2024-07-21T12:51:18.861Z", "user": 1, "content_type": 9, "object_id": "271", "object_repr": "Aime Patrick's entry on 2024-07-10 16:56:02.095404+00:00", "action_flag": 3, "change_message": ""}}, {"model": "admin.logentry", "pk": 436, "fields": {"action_time": "2024-07-21T12:51:18.859Z", "user": 1, "content_type": 9, "object_id": "272", "object_repr": "Aime Patrick's entry on 2024-07-10 16:56:06.857049+00:00", "action_flag": 3, "change_message": ""}}, {"model": "admin.logentry", "pk": 435, "fields": {"action_time": "2024-07-21T12:51:18.856Z", "user": 1, "content_type": 9, "object_id": "273", "object_repr": "Aime Patrick's entry on 2024-07-10 16:56:11.765243+00:00", "action_flag": 3, "change_message": ""}}, {"model": "admin.logentry", "pk": 434, "fields": {"action_time": "2024-07-21T12:51:18.853Z", "user": 1, "content_type": 9, "object_id": "274", "object_repr": "Armand's entry on 2024-07-10 16:56:38.404644+00:00", "action_flag": 3, "change_message": ""}}, {"model": "admin.logentry", "pk": 433, "fields": {"action_time": "2024-07-21T12:51:18.851Z", "user": 1, "content_type": 9, "object_id": "275", "object_repr": "Gilbert's entry on 2024-07-11 08:12:58.037682+00:00", "action_flag": 3, "change_message": ""}}, {"model": "admin.logentry", "pk": 432, "fields": {"action_time": "2024-07-21T12:51:18.848Z", "user": 1, "content_type": 9, "object_id": "276", "object_repr": "Gilbert's entry on 2024-07-11 08:13:12.954428+00:00", "action_flag": 3, "change_message": ""}}, {"model": "admin.logentry", "pk": 431, "fields": {"action_time": "2024-07-21T12:51:18.845Z", "user": 1, "content_type": 9, "object_id": "277", "object_repr": "Gilbert's entry on 2024-07-11 08:13:24.493448+00:00", "action_flag": 3, "change_message": ""}}, {"model": "admin.logentry", "pk": 430, "fields": {"action_time": "2024-07-21T12:51:18.841Z", "user": 1, "content_type": 9, "object_id": "278", "object_repr": "Gilbert's entry on 2024-07-21 12:50:12.699599+00:00", "action_flag": 3, "change_message": ""}}, {"model": "admin.logentry", "pk": 429, "fields": {"action_time": "2024-07-21T12:51:18.830Z", "user": 1, "content_type": 9, "object_id": "279", "object_repr": "Gilbert's entry on 2024-07-21 12:50:22.148428+00:00", "action_flag": 3, "change_message": ""}}, {"model": "admin.logentry", "pk": 428, "fields": {"action_time": "2024-07-10T11:49:14.548Z", "user": 1, "content_type": 11, "object_id": "20", "object_repr": "Gilbert", "action_flag": 3, "change_message": ""}}, {"model": "admin.logentry", "pk": 427, "fields": {"action_time": "2024-07-10T11:49:14.535Z", "user": 1, "content_type": 11, "object_id": "21", "object_repr": "Mugisha ", "action_flag": 3, "change_message": ""}}, {"model": "admin.logentry", "pk": 426, "fields": {"action_time": "2024-07-10T11:49:02.966Z", "user": 1, "content_type": 12, "object_id": "180", "object_repr": "Notification object (180)", "action_flag": 3, "change_message": ""}}, {"model": "admin.logentry", "pk": 425, "fields": {"action_time": "2024-07-10T11:49:02.962Z", "user": 1, "content_type": 12, "object_id": "181", "object_repr": "Notification object (181)", "action_flag": 3, "change_message": ""}}, {"model": "admin.logentry", "pk": 424, "fields": {"action_time": "2024-07-10T11:49:02.959Z", "user": 1, "content_type": 12, "object_id": "182", "object_repr": "Notification object (182)", "action_flag": 3, "change_message": ""}}, {"model": "admin.logentry", "pk": 423, "fields": {"action_time": "2024-07-10T11:49:02.951Z", "user": 1, "content_type": 12, "object_id": "183", "object_repr": "Notification object (183)", "action_flag": 3, "change_message": ""}}, {"model": "admin.logentry", "pk": 422, "fields": {"action_time": "2024-07-10T11:49:02.946Z", "user": 1, "content_type": 12, "object_id": "184", "object_repr": "Notification object (184)", "action_flag": 3, "change_message": ""}}, {"model": "admin.logentry", "pk": 421, "fields": {"action_time": "2024-07-10T11:49:02.942Z", "user": 1, "content_type": 12, "object_id": "185", "object_repr": "Notification object (185)", "action_flag": 3, "change_message": ""}}, {"model": "admin.logentry", "pk": 420, "fields": {"action_time": "2024-07-10T11:49:02.936Z", "user": 1, "content_type": 12, "object_id": "186", "object_repr": "Notification object (186)", "action_flag": 3, "change_message": ""}}, {"model": "admin.logentry", "pk": 419, "fields": {"action_time": "2024-07-10T11:49:02.932Z", "user": 1, "content_type": 12, "object_id": "187", "object_repr": "Notification object (187)", "action_flag": 3, "change_message": ""}}, {"model": "admin.logentry", "pk": 418, "fields": {"action_time": "2024-07-10T11:49:02.929Z", "user": 1, "content_type": 12, "object_id": "188", "object_repr": "Notification object (188)", "action_flag": 3, "change_message": ""}}, {"model": "admin.logentry", "pk": 417, "fields": {"action_time": "2024-07-10T11:49:02.926Z", "user": 1, "content_type": 12, "object_id": "189", "object_repr": "Notification object (189)", "action_flag": 3, "change_message": ""}}, {"model": "admin.logentry", "pk": 416, "fields": {"action_time": "2024-07-10T11:49:02.923Z", "user": 1, "content_type": 12, "object_id": "190", "object_repr": "Notification object (190)", "action_flag": 3, "change_message": ""}}, {"model": "admin.logentry", "pk": 415, "fields": {"action_time": "2024-07-10T11:49:02.919Z", "user": 1, "content_type": 12, "object_id": "191", "object_repr": "Notification object (191)", "action_flag": 3, "change_message": ""}}, {"model": "admin.logentry", "pk": 414, "fields": {"action_time": "2024-07-10T11:49:02.915Z", "user": 1, "content_type": 12, "object_id": "192", "object_repr": "Notification object (192)", "action_flag": 3, "change_message": ""}}, {"model": "admin.logentry", "pk": 413, "fields": {"action_time": "2024-07-10T11:49:02.911Z", "user": 1, "content_type": 12, "object_id": "193", "object_repr": "Notification object (193)", "action_flag": 3, "change_message": ""}}, {"model": "admin.logentry", "pk": 412, "fields": {"action_time": "2024-07-10T11:49:02.907Z", "user": 1, "content_type": 12, "object_id": "194", "object_repr": "Notification object (194)", "action_flag": 3, "change_message": ""}}, {"model": "admin.logentry", "pk": 411, "fields": {"action_time": "2024-07-10T11:49:02.903Z", "user": 1, "content_type": 12, "object_id": "195", "object_repr": "Notification object (195)", "action_flag": 3, "change_message": ""}}, {"model": "admin.logentry", "pk": 410, "fields": {"action_time": "2024-07-10T11:49:02.899Z", "user": 1, "content_type": 12, "object_id": "196", "object_repr": "Notification object (196)", "action_flag": 3, "change_message": ""}}, {"model": "admin.logentry", "pk": 409, "fields": {"action_time": "2024-07-10T11:49:02.896Z", "user": 1, "content_type": 12, "object_id": "197", "object_repr": "Notification object (197)", "action_flag": 3, "change_message": ""}}, {"model": "admin.logentry", "pk": 408, "fields": {"action_time": "2024-07-10T11:49:02.893Z", "user": 1, "content_type": 12, "object_id": "198", "object_repr": "Notification object (198)", "action_flag": 3, "change_message": ""}}, {"model": "admin.logentry", "pk": 407, "fields": {"action_time": "2024-07-10T11:49:02.889Z", "user": 1, "content_type": 12, "object_id": "199", "object_repr": "Notification object (199)", "action_flag": 3, "change_message": ""}}, {"model": "admin.logentry", "pk": 406, "fields": {"action_time": "2024-07-10T11:49:02.886Z", "user": 1, "content_type": 12, "object_id": "200", "object_repr": "Notification object (200)", "action_flag": 3, "change_message": ""}}, {"model": "admin.logentry", "pk": 405, "fields": {"action_time": "2024-07-10T11:49:02.883Z", "user": 1, "content_type": 12, "object_id": "201", "object_repr": "Notification object (201)", "action_flag": 3, "change_message": ""}}, {"model": "admin.logentry", "pk": 404, "fields": {"action_time": "2024-07-10T11:49:02.879Z", "user": 1, "content_type": 12, "object_id": "202", "object_repr": "Notification object (202)", "action_flag": 3, "change_message": ""}}, {"model": "admin.logentry", "pk": 403, "fields": {"action_time": "2024-07-10T11:49:02.874Z", "user": 1, "content_type": 12, "object_id": "203", "object_repr": "Notification object (203)", "action_flag": 3, "change_message": ""}}, {"model": "admin.logentry", "pk": 402, "fields": {"action_time": "2024-07-10T11:49:02.870Z", "user": 1, "content_type": 12, "object_id": "204", "object_repr": "Notification object (204)", "action_flag": 3, "change_message": ""}}, {"model": "admin.logentry", "pk": 401, "fields": {"action_time": "2024-07-10T11:49:02.866Z", "user": 1, "content_type": 12, "object_id": "205", "object_repr": "Notification object (205)", "action_flag": 3, "change_message": ""}}, {"model": "admin.logentry", "pk": 400, "fields": {"action_time": "2024-07-10T11:49:02.862Z", "user": 1, "content_type": 12, "object_id": "206", "object_repr": "Notification object (206)", "action_flag": 3, "change_message": ""}}, {"model": "admin.logentry", "pk": 399, "fields": {"action_time": "2024-07-10T11:49:02.857Z", "user": 1, "content_type": 12, "object_id": "207", "object_repr": "Notification object (207)", "action_flag": 3, "change_message": ""}}, {"model": "admin.logentry", "pk": 398, "fields": {"action_time": "2024-07-10T11:49:02.851Z", "user": 1, "content_type": 12, "object_id": "208", "object_repr": "Notification object (208)", "action_flag": 3, "change_message": ""}}, {"model": "admin.logentry", "pk": 397, "fields": {"action_time": "2024-07-10T11:49:02.845Z", "user": 1, "content_type": 12, "object_id": "209", "object_repr": "Notification object (209)", "action_flag": 3, "change_message": ""}}, {"model": "admin.logentry", "pk": 396, "fields": {"action_time": "2024-07-10T11:49:02.837Z", "user": 1, "content_type": 12, "object_id": "210", "object_repr": "Notification object (210)", "action_flag": 3, "change_message": ""}}, {"model": "admin.logentry", "pk": 395, "fields": {"action_time": "2024-07-10T11:49:02.831Z", "user": 1, "content_type": 12, "object_id": "211", "object_repr": "Notification object (211)", "action_flag": 3, "change_message": ""}}, {"model": "admin.logentry", "pk": 394, "fields": {"action_time": "2024-07-10T11:49:02.826Z", "user": 1, "content_type": 12, "object_id": "212", "object_repr": "Notification object (212)", "action_flag": 3, "change_message": ""}}, {"model": "admin.logentry", "pk": 393, "fields": {"action_time": "2024-07-10T11:49:02.823Z", "user": 1, "content_type": 12, "object_id": "213", "object_repr": "Notification object (213)", "action_flag": 3, "change_message": ""}}, {"model": "admin.logentry", "pk": 392, "fields": {"action_time": "2024-07-10T11:49:02.820Z", "user": 1, "content_type": 12, "object_id": "214", "object_repr": "Notification object (214)", "action_flag": 3, "change_message": ""}}, {"model": "admin.logentry", "pk": 391, "fields": {"action_time": "2024-07-10T11:49:02.816Z", "user": 1, "content_type": 12, "object_id": "215", "object_repr": "Notification object (215)", "action_flag": 3, "change_message": ""}}, {"model": "admin.logentry", "pk": 390, "fields": {"action_time": "2024-07-10T11:49:02.813Z", "user": 1, "content_type": 12, "object_id": "216", "object_repr": "Notification object (216)", "action_flag": 3, "change_message": ""}}, {"model": "admin.logentry", "pk": 389, "fields": {"action_time": "2024-07-10T11:49:02.810Z", "user": 1, "content_type": 12, "object_id": "217", "object_repr": "Notification object (217)", "action_flag": 3, "change_message": ""}}, {"model": "admin.logentry", "pk": 388, "fields": {"action_time": "2024-07-10T11:49:02.805Z", "user": 1, "content_type": 12, "object_id": "218", "object_repr": "Notification object (218)", "action_flag": 3, "change_message": ""}}, {"model": "admin.logentry", "pk": 387, "fields": {"action_time": "2024-07-10T11:49:02.802Z", "user": 1, "content_type": 12, "object_id": "219", "object_repr": "Notification object (219)", "action_flag": 3, "change_message": ""}}, {"model": "admin.logentry", "pk": 386, "fields": {"action_time": "2024-07-10T11:49:02.800Z", "user": 1, "content_type": 12, "object_id": "220", "object_repr": "Notification object (220)", "action_flag": 3, "change_message": ""}}, {"model": "admin.logentry", "pk": 385, "fields": {"action_time": "2024-07-10T11:49:02.796Z", "user": 1, "content_type": 12, "object_id": "221", "object_repr": "Notification object (221)", "action_flag": 3, "change_message": ""}}, {"model": "admin.logentry", "pk": 384, "fields": {"action_time": "2024-07-10T11:49:02.792Z", "user": 1, "content_type": 12, "object_id": "222", "object_repr": "Notification object (222)", "action_flag": 3, "change_message": ""}}, {"model": "admin.logentry", "pk": 383, "fields": {"action_time": "2024-07-10T11:49:02.789Z", "user": 1, "content_type": 12, "object_id": "223", "object_repr": "Notification object (223)", "action_flag": 3, "change_message": ""}}, {"model": "admin.logentry", "pk": 382, "fields": {"action_time": "2024-07-10T11:49:02.785Z", "user": 1, "content_type": 12, "object_id": "224", "object_repr": "Notification object (224)", "action_flag": 3, "change_message": ""}}, {"model": "admin.logentry", "pk": 381, "fields": {"action_time": "2024-07-10T11:49:02.780Z", "user": 1, "content_type": 12, "object_id": "225", "object_repr": "Notification object (225)", "action_flag": 3, "change_message": ""}}, {"model": "admin.logentry", "pk": 380, "fields": {"action_time": "2024-07-10T11:49:02.775Z", "user": 1, "content_type": 12, "object_id": "226", "object_repr": "Notification object (226)", "action_flag": 3, "change_message": ""}}, {"model": "admin.logentry", "pk": 379, "fields": {"action_time": "2024-07-10T11:49:02.770Z", "user": 1, "content_type": 12, "object_id": "227", "object_repr": "Notification object (227)", "action_flag": 3, "change_message": ""}}, {"model": "admin.logentry", "pk": 378, "fields": {"action_time": "2024-07-10T11:49:02.765Z", "user": 1, "content_type": 12, "object_id": "228", "object_repr": "Notification object (228)", "action_flag": 3, "change_message": ""}}, {"model": "admin.logentry", "pk": 377, "fields": {"action_time": "2024-07-10T11:49:02.760Z", "user": 1, "content_type": 12, "object_id": "229", "object_repr": "Notification object (229)", "action_flag": 3, "change_message": ""}}, {"model": "admin.logentry", "pk": 376, "fields": {"action_time": "2024-07-10T11:49:02.757Z", "user": 1, "content_type": 12, "object_id": "230", "object_repr": "Notification object (230)", "action_flag": 3, "change_message": ""}}, {"model": "admin.logentry", "pk": 375, "fields": {"action_time": "2024-07-10T11:49:02.752Z", "user": 1, "content_type": 12, "object_id": "231", "object_repr": "Notification object (231)", "action_flag": 3, "change_message": ""}}, {"model": "admin.logentry", "pk": 374, "fields": {"action_time": "2024-07-10T11:49:02.748Z", "user": 1, "content_type": 12, "object_id": "232", "object_repr": "Notification object (232)", "action_flag": 3, "change_message": ""}}, {"model": "admin.logentry", "pk": 373, "fields": {"action_time": "2024-07-10T11:49:02.743Z", "user": 1, "content_type": 12, "object_id": "233", "object_repr": "Notification object (233)", "action_flag": 3, "change_message": ""}}, {"model": "admin.logentry", "pk": 372, "fields": {"action_time": "2024-07-10T11:49:02.740Z", "user": 1, "content_type": 12, "object_id": "234", "object_repr": "Notification object (234)", "action_flag": 3, "change_message": ""}}, {"model": "admin.logentry", "pk": 371, "fields": {"action_time": "2024-07-10T11:49:02.735Z", "user": 1, "content_type": 12, "object_id": "235", "object_repr": "Notification object (235)", "action_flag": 3, "change_message": ""}}, {"model": "admin.logentry", "pk": 370, "fields": {"action_time": "2024-07-10T11:49:02.731Z", "user": 1, "content_type": 12, "object_id": "236", "object_repr": "Notification object (236)", "action_flag": 3, "change_message": ""}}, {"model": "admin.logentry", "pk": 369, "fields": {"action_time": "2024-07-10T11:49:02.727Z", "user": 1, "content_type": 12, "object_id": "237", "object_repr": "Notification object (237)", "action_flag": 3, "change_message": ""}}, {"model": "admin.logentry", "pk": 368, "fields": {"action_time": "2024-07-10T11:49:02.722Z", "user": 1, "content_type": 12, "object_id": "238", "object_repr": "Notification object (238)", "action_flag": 3, "change_message": ""}}, {"model": "admin.logentry", "pk": 367, "fields": {"action_time": "2024-07-10T11:49:02.709Z", "user": 1, "content_type": 12, "object_id": "239", "object_repr": "Notification object (239)", "action_flag": 3, "change_message": ""}}, {"model": "admin.logentry", "pk": 366, "fields": {"action_time": "2024-07-10T09:22:14.464Z", "user": 1, "content_type": 9, "object_id": "189", "object_repr": "Gilbert's entry on 2024-07-02 10:59:58.306125+00:00", "action_flag": 3, "change_message": ""}}, {"model": "admin.logentry", "pk": 365, "fields": {"action_time": "2024-07-10T09:22:14.449Z", "user": 1, "content_type": 9, "object_id": "190", "object_repr": "Gilbert's entry on 2024-07-02 11:00:02.029039+00:00", "action_flag": 3, "change_message": ""}}, {"model": "admin.logentry", "pk": 364, "fields": {"action_time": "2024-07-10T09:22:14.447Z", "user": 1, "content_type": 9, "object_id": "191", "object_repr": "Gilbert's entry on 2024-07-02 11:00:29.849066+00:00", "action_flag": 3, "change_message": ""}}, {"model": "admin.logentry", "pk": 363, "fields": {"action_time": "2024-07-10T09:22:14.432Z", "user": 1, "content_type": 9, "object_id": "192", "object_repr": "Gilbert's entry on 2024-07-02 11:05:59.741662+00:00", "action_flag": 3, "change_message": ""}}, {"model": "admin.logentry", "pk": 361, "fields": {"action_time": "2024-07-10T09:22:14.416Z", "user": 1, "content_type": 9, "object_id": "194", "object_repr": "Gilbert's entry on 2024-07-02 11:06:07.190674+00:00", "action_flag": 3, "change_message": ""}}, {"model": "admin.logentry", "pk": 362, "fields": {"action_time": "2024-07-10T09:22:14.416Z", "user": 1, "content_type": 9, "object_id": "193", "object_repr": "Gilbert's entry on 2024-07-02 11:06:03.459529+00:00", "action_flag": 3, "change_message": ""}}, {"model": "admin.logentry", "pk": 359, "fields": {"action_time": "2024-07-10T09:22:14.399Z", "user": 1, "content_type": 9, "object_id": "196", "object_repr": "Gilbert's entry on 2024-07-02 11:06:43.616111+00:00", "action_flag": 3, "change_message": ""}}, {"model": "admin.logentry", "pk": 360, "fields": {"action_time": "2024-07-10T09:22:14.399Z", "user": 1, "content_type": 9, "object_id": "195", "object_repr": "Gilbert's entry on 2024-07-02 11:06:10.921106+00:00", "action_flag": 3, "change_message": ""}}, {"model": "admin.logentry", "pk": 357, "fields": {"action_time": "2024-07-10T09:22:14.382Z", "user": 1, "content_type": 9, "object_id": "198", "object_repr": "Gilbert's entry on 2024-07-02 11:07:38.060011+00:00", "action_flag": 3, "change_message": ""}}, {"model": "admin.logentry", "pk": 358, "fields": {"action_time": "2024-07-10T09:22:14.382Z", "user": 1, "content_type": 9, "object_id": "197", "object_repr": "Gilbert's entry on 2024-07-02 11:06:50.614301+00:00", "action_flag": 3, "change_message": ""}}, {"model": "admin.logentry", "pk": 355, "fields": {"action_time": "2024-07-10T09:22:14.366Z", "user": 1, "content_type": 9, "object_id": "200", "object_repr": "Gilbert's entry on 2024-07-02 11:15:27.569625+00:00", "action_flag": 3, "change_message": ""}}, {"model": "admin.logentry", "pk": 356, "fields": {"action_time": "2024-07-10T09:22:14.366Z", "user": 1, "content_type": 9, "object_id": "199", "object_repr": "Gilbert's entry on 2024-07-02 11:09:29.924242+00:00", "action_flag": 3, "change_message": ""}}, {"model": "admin.logentry", "pk": 353, "fields": {"action_time": "2024-07-10T09:22:14.349Z", "user": 1, "content_type": 9, "object_id": "202", "object_repr": "Gilbert's entry on 2024-07-02 11:17:06.038355+00:00", "action_flag": 3, "change_message": ""}}, {"model": "admin.logentry", "pk": 354, "fields": {"action_time": "2024-07-10T09:22:14.349Z", "user": 1, "content_type": 9, "object_id": "201", "object_repr": "Gilbert's entry on 2024-07-02 11:16:54.588255+00:00", "action_flag": 3, "change_message": ""}}, {"model": "admin.logentry", "pk": 352, "fields": {"action_time": "2024-07-10T09:22:14.332Z", "user": 1, "content_type": 9, "object_id": "203", "object_repr": "Gilbert's entry on 2024-07-02 11:17:30.983936+00:00", "action_flag": 3, "change_message": ""}}, {"model": "admin.logentry", "pk": 351, "fields": {"action_time": "2024-07-10T09:22:14.330Z", "user": 1, "content_type": 9, "object_id": "204", "object_repr": "Gilbert's entry on 2024-07-02 11:17:59.206654+00:00", "action_flag": 3, "change_message": ""}}, {"model": "admin.logentry", "pk": 350, "fields": {"action_time": "2024-07-10T09:22:14.313Z", "user": 1, "content_type": 9, "object_id": "205", "object_repr": "Gilbert's entry on 2024-07-02 11:18:13.469757+00:00", "action_flag": 3, "change_message": ""}}, {"model": "admin.logentry", "pk": 349, "fields": {"action_time": "2024-07-01T17:46:37.218Z", "user": 1, "content_type": 12, "object_id": "1", "object_repr": "Notification object (1)", "action_flag": 3, "change_message": ""}}, {"model": "admin.logentry", "pk": 347, "fields": {"action_time": "2024-07-01T17:46:37.200Z", "user": 1, "content_type": 12, "object_id": "3", "object_repr": "Notification object (3)", "action_flag": 3, "change_message": ""}}, {"model": "admin.logentry", "pk": 348, "fields": {"action_time": "2024-07-01T17:46:37.200Z", "user": 1, "content_type": 12, "object_id": "2", "object_repr": "Notification object (2)", "action_flag": 3, "change_message": ""}}, {"model": "admin.logentry", "pk": 346, "fields": {"action_time": "2024-07-01T17:46:37.189Z", "user": 1, "content_type": 12, "object_id": "4", "object_repr": "Notification object (4)", "action_flag": 3, "change_message": ""}}, {"model": "admin.logentry", "pk": 345, "fields": {"action_time": "2024-07-01T17:46:37.181Z", "user": 1, "content_type": 12, "object_id": "5", "object_repr": "Notification object (5)", "action_flag": 3, "change_message": ""}}, {"model": "admin.logentry", "pk": 344, "fields": {"action_time": "2024-07-01T17:46:37.166Z", "user": 1, "content_type": 12, "object_id": "6", "object_repr": "Notification object (6)", "action_flag": 3, "change_message": ""}}, {"model": "admin.logentry", "pk": 342, "fields": {"action_time": "2024-07-01T17:46:37.152Z", "user": 1, "content_type": 12, "object_id": "8", "object_repr": "Notification object (8)", "action_flag": 3, "change_message": ""}}, {"model": "admin.logentry", "pk": 343, "fields": {"action_time": "2024-07-01T17:46:37.152Z", "user": 1, "content_type": 12, "object_id": "7", "object_repr": "Notification object (7)", "action_flag": 3, "change_message": ""}}, {"model": "admin.logentry", "pk": 341, "fields": {"action_time": "2024-07-01T17:46:37.139Z", "user": 1, "content_type": 12, "object_id": "9", "object_repr": "Notification object (9)", "action_flag": 3, "change_message": ""}}, {"model": "admin.logentry", "pk": 340, "fields": {"action_time": "2024-07-01T17:46:37.133Z", "user": 1, "content_type": 12, "object_id": "10", "object_repr": "Notification object (10)", "action_flag": 3, "change_message": ""}}, {"model": "admin.logentry", "pk": 339, "fields": {"action_time": "2024-07-01T17:46:37.118Z", "user": 1, "content_type": 12, "object_id": "11", "object_repr": "Notification object (11)", "action_flag": 3, "change_message": ""}}, {"model": "admin.logentry", "pk": 338, "fields": {"action_time": "2024-07-01T17:46:37.108Z", "user": 1, "content_type": 12, "object_id": "12", "object_repr": "Notification object (12)", "action_flag": 3, "change_message": ""}}, {"model": "admin.logentry", "pk": 337, "fields": {"action_time": "2024-07-01T17:46:37.100Z", "user": 1, "content_type": 12, "object_id": "13", "object_repr": "Notification object (13)", "action_flag": 3, "change_message": ""}}, {"model": "admin.logentry", "pk": 336, "fields": {"action_time": "2024-07-01T17:46:37.086Z", "user": 1, "content_type": 12, "object_id": "14", "object_repr": "Notification object (14)", "action_flag": 3, "change_message": ""}}, {"model": "admin.logentry", "pk": 335, "fields": {"action_time": "2024-07-01T17:46:37.077Z", "user": 1, "content_type": 12, "object_id": "15", "object_repr": "Notification object (15)", "action_flag": 3, "change_message": ""}}, {"model": "admin.logentry", "pk": 334, "fields": {"action_time": "2024-07-01T17:46:37.066Z", "user": 1, "content_type": 12, "object_id": "16", "object_repr": "Notification object (16)", "action_flag": 3, "change_message": ""}}, {"model": "admin.logentry", "pk": 333, "fields": {"action_time": "2024-07-01T17:46:37.060Z", "user": 1, "content_type": 12, "object_id": "17", "object_repr": "Notification object (17)", "action_flag": 3, "change_message": ""}}, {"model": "admin.logentry", "pk": 332, "fields": {"action_time": "2024-07-01T17:46:37.052Z", "user": 1, "content_type": 12, "object_id": "18", "object_repr": "Notification object (18)", "action_flag": 3, "change_message": ""}}, {"model": "admin.logentry", "pk": 331, "fields": {"action_time": "2024-07-01T17:46:37.044Z", "user": 1, "content_type": 12, "object_id": "19", "object_repr": "Notification object (19)", "action_flag": 3, "change_message": ""}}, {"model": "admin.logentry", "pk": 330, "fields": {"action_time": "2024-07-01T17:46:37.036Z", "user": 1, "content_type": 12, "object_id": "20", "object_repr": "Notification object (20)", "action_flag": 3, "change_message": ""}}, {"model": "admin.logentry", "pk": 329, "fields": {"action_time": "2024-07-01T17:46:37.028Z", "user": 1, "content_type": 12, "object_id": "21", "object_repr": "Notification object (21)", "action_flag": 3, "change_message": ""}}, {"model": "admin.logentry", "pk": 328, "fields": {"action_time": "2024-07-01T17:46:37.017Z", "user": 1, "content_type": 12, "object_id": "22", "object_repr": "Notification object (22)", "action_flag": 3, "change_message": ""}}, {"model": "admin.logentry", "pk": 326, "fields": {"action_time": "2024-07-01T17:46:37.000Z", "user": 1, "content_type": 12, "object_id": "24", "object_repr": "Notification object (24)", "action_flag": 3, "change_message": ""}}, {"model": "admin.logentry", "pk": 327, "fields": {"action_time": "2024-07-01T17:46:37.000Z", "user": 1, "content_type": 12, "object_id": "23", "object_repr": "Notification object (23)", "action_flag": 3, "change_message": ""}}, {"model": "admin.logentry", "pk": 325, "fields": {"action_time": "2024-07-01T17:46:36.988Z", "user": 1, "content_type": 12, "object_id": "25", "object_repr": "Notification object (25)", "action_flag": 3, "change_message": ""}}, {"model": "admin.logentry", "pk": 324, "fields": {"action_time": "2024-07-01T17:46:36.979Z", "user": 1, "content_type": 12, "object_id": "26", "object_repr": "Notification object (26)", "action_flag": 3, "change_message": ""}}, {"model": "admin.logentry", "pk": 323, "fields": {"action_time": "2024-07-01T17:46:36.971Z", "user": 1, "content_type": 12, "object_id": "27", "object_repr": "Notification object (27)", "action_flag": 3, "change_message": ""}}, {"model": "admin.logentry", "pk": 322, "fields": {"action_time": "2024-07-01T17:46:36.963Z", "user": 1, "content_type": 12, "object_id": "28", "object_repr": "Notification object (28)", "action_flag": 3, "change_message": ""}}, {"model": "admin.logentry", "pk": 321, "fields": {"action_time": "2024-07-01T17:46:36.952Z", "user": 1, "content_type": 12, "object_id": "29", "object_repr": "Notification object (29)", "action_flag": 3, "change_message": ""}}, {"model": "admin.logentry", "pk": 320, "fields": {"action_time": "2024-07-01T17:46:36.947Z", "user": 1, "content_type": 12, "object_id": "30", "object_repr": "Notification object (30)", "action_flag": 3, "change_message": ""}}, {"model": "admin.logentry", "pk": 319, "fields": {"action_time": "2024-07-01T17:46:36.939Z", "user": 1, "content_type": 12, "object_id": "31", "object_repr": "Notification object (31)", "action_flag": 3, "change_message": ""}}, {"model": "admin.logentry", "pk": 318, "fields": {"action_time": "2024-07-01T17:46:36.931Z", "user": 1, "content_type": 12, "object_id": "32", "object_repr": "Notification object (32)", "action_flag": 3, "change_message": ""}}, {"model": "admin.logentry", "pk": 317, "fields": {"action_time": "2024-07-01T17:46:36.919Z", "user": 1, "content_type": 12, "object_id": "33", "object_repr": "Notification object (33)", "action_flag": 3, "change_message": ""}}, {"model": "admin.logentry", "pk": 316, "fields": {"action_time": "2024-07-01T17:46:36.906Z", "user": 1, "content_type": 12, "object_id": "34", "object_repr": "Notification object (34)", "action_flag": 3, "change_message": ""}}, {"model": "admin.logentry", "pk": 315, "fields": {"action_time": "2024-07-01T17:46:36.900Z", "user": 1, "content_type": 12, "object_id": "35", "object_repr": "Notification object (35)", "action_flag": 3, "change_message": ""}}, {"model": "admin.logentry", "pk": 314, "fields": {"action_time": "2024-07-01T17:46:36.887Z", "user": 1, "content_type": 12, "object_id": "36", "object_repr": "Notification object (36)", "action_flag": 3, "change_message": ""}}, {"model": "admin.logentry", "pk": 313, "fields": {"action_time": "2024-07-01T17:46:36.885Z", "user": 1, "content_type": 12, "object_id": "37", "object_repr": "Notification object (37)", "action_flag": 3, "change_message": ""}}, {"model": "admin.logentry", "pk": 311, "fields": {"action_time": "2024-07-01T17:46:36.867Z", "user": 1, "content_type": 12, "object_id": "39", "object_repr": "Notification object (39)", "action_flag": 3, "change_message": ""}}, {"model": "admin.logentry", "pk": 312, "fields": {"action_time": "2024-07-01T17:46:36.867Z", "user": 1, "content_type": 12, "object_id": "38", "object_repr": "Notification object (38)", "action_flag": 3, "change_message": ""}}, {"model": "admin.logentry", "pk": 310, "fields": {"action_time": "2024-07-01T17:46:36.858Z", "user": 1, "content_type": 12, "object_id": "40", "object_repr": "Notification object (40)", "action_flag": 3, "change_message": ""}}, {"model": "admin.logentry", "pk": 309, "fields": {"action_time": "2024-07-01T17:46:36.851Z", "user": 1, "content_type": 12, "object_id": "41", "object_repr": "Notification object (41)", "action_flag": 3, "change_message": ""}}, {"model": "admin.logentry", "pk": 308, "fields": {"action_time": "2024-07-01T17:46:36.841Z", "user": 1, "content_type": 12, "object_id": "42", "object_repr": "Notification object (42)", "action_flag": 3, "change_message": ""}}, {"model": "admin.logentry", "pk": 307, "fields": {"action_time": "2024-07-01T17:46:36.833Z", "user": 1, "content_type": 12, "object_id": "43", "object_repr": "Notification object (43)", "action_flag": 3, "change_message": ""}}, {"model": "admin.logentry", "pk": 306, "fields": {"action_time": "2024-07-01T17:46:36.819Z", "user": 1, "content_type": 12, "object_id": "44", "object_repr": "Notification object (44)", "action_flag": 3, "change_message": ""}}, {"model": "admin.logentry", "pk": 305, "fields": {"action_time": "2024-07-01T17:46:36.809Z", "user": 1, "content_type": 12, "object_id": "45", "object_repr": "Notification object (45)", "action_flag": 3, "change_message": ""}}, {"model": "admin.logentry", "pk": 304, "fields": {"action_time": "2024-07-01T17:46:36.800Z", "user": 1, "content_type": 12, "object_id": "46", "object_repr": "Notification object (46)", "action_flag": 3, "change_message": ""}}, {"model": "admin.logentry", "pk": 303, "fields": {"action_time": "2024-07-01T17:46:36.792Z", "user": 1, "content_type": 12, "object_id": "47", "object_repr": "Notification object (47)", "action_flag": 3, "change_message": ""}}, {"model": "admin.logentry", "pk": 302, "fields": {"action_time": "2024-07-01T17:46:36.784Z", "user": 1, "content_type": 12, "object_id": "48", "object_repr": "Notification object (48)", "action_flag": 3, "change_message": ""}}, {"model": "admin.logentry", "pk": 301, "fields": {"action_time": "2024-07-01T17:46:36.777Z", "user": 1, "content_type": 12, "object_id": "49", "object_repr": "Notification object (49)", "action_flag": 3, "change_message": ""}}, {"model": "admin.logentry", "pk": 300, "fields": {"action_time": "2024-07-01T17:46:36.769Z", "user": 1, "content_type": 12, "object_id": "50", "object_repr": "Notification object (50)", "action_flag": 3, "change_message": ""}}, {"model": "admin.logentry", "pk": 299, "fields": {"action_time": "2024-07-01T17:46:36.761Z", "user": 1, "content_type": 12, "object_id": "51", "object_repr": "Notification object (51)", "action_flag": 3, "change_message": ""}}, {"model": "admin.logentry", "pk": 298, "fields": {"action_time": "2024-07-01T17:46:36.753Z", "user": 1, "content_type": 12, "object_id": "52", "object_repr": "Notification object (52)", "action_flag": 3, "change_message": ""}}, {"model": "admin.logentry", "pk": 297, "fields": {"action_time": "2024-07-01T17:46:36.745Z", "user": 1, "content_type": 12, "object_id": "53", "object_repr": "Notification object (53)", "action_flag": 3, "change_message": ""}}, {"model": "admin.logentry", "pk": 296, "fields": {"action_time": "2024-07-01T17:46:36.737Z", "user": 1, "content_type": 12, "object_id": "54", "object_repr": "Notification object (54)", "action_flag": 3, "change_message": ""}}, {"model": "admin.logentry", "pk": 295, "fields": {"action_time": "2024-07-01T17:46:36.729Z", "user": 1, "content_type": 12, "object_id": "55", "object_repr": "Notification object (55)", "action_flag": 3, "change_message": ""}}, {"model": "admin.logentry", "pk": 294, "fields": {"action_time": "2024-07-01T17:46:36.719Z", "user": 1, "content_type": 12, "object_id": "56", "object_repr": "Notification object (56)", "action_flag": 3, "change_message": ""}}, {"model": "admin.logentry", "pk": 292, "fields": {"action_time": "2024-07-01T17:46:36.702Z", "user": 1, "content_type": 12, "object_id": "58", "object_repr": "Notification object (58)", "action_flag": 3, "change_message": ""}}, {"model": "admin.logentry", "pk": 293, "fields": {"action_time": "2024-07-01T17:46:36.702Z", "user": 1, "content_type": 12, "object_id": "57", "object_repr": "Notification object (57)", "action_flag": 3, "change_message": ""}}, {"model": "admin.logentry", "pk": 291, "fields": {"action_time": "2024-07-01T17:46:36.686Z", "user": 1, "content_type": 12, "object_id": "59", "object_repr": "Notification object (59)", "action_flag": 3, "change_message": ""}}, {"model": "admin.logentry", "pk": 290, "fields": {"action_time": "2024-07-01T17:46:36.684Z", "user": 1, "content_type": 12, "object_id": "60", "object_repr": "Notification object (60)", "action_flag": 3, "change_message": ""}}, {"model": "admin.logentry", "pk": 289, "fields": {"action_time": "2024-07-01T17:46:36.669Z", "user": 1, "content_type": 12, "object_id": "61", "object_repr": "Notification object (61)", "action_flag": 3, "change_message": ""}}, {"model": "admin.logentry", "pk": 288, "fields": {"action_time": "2024-07-01T17:46:36.667Z", "user": 1, "content_type": 12, "object_id": "62", "object_repr": "Notification object (62)", "action_flag": 3, "change_message": ""}}, {"model": "admin.logentry", "pk": 287, "fields": {"action_time": "2024-07-01T17:46:36.652Z", "user": 1, "content_type": 12, "object_id": "63", "object_repr": "Notification object (63)", "action_flag": 3, "change_message": ""}}, {"model": "admin.logentry", "pk": 286, "fields": {"action_time": "2024-07-01T17:46:36.649Z", "user": 1, "content_type": 12, "object_id": "64", "object_repr": "Notification object (64)", "action_flag": 3, "change_message": ""}}, {"model": "admin.logentry", "pk": 285, "fields": {"action_time": "2024-07-01T17:46:36.638Z", "user": 1, "content_type": 12, "object_id": "65", "object_repr": "Notification object (65)", "action_flag": 3, "change_message": ""}}, {"model": "admin.logentry", "pk": 283, "fields": {"action_time": "2024-07-01T17:46:36.619Z", "user": 1, "content_type": 12, "object_id": "67", "object_repr": "Notification object (67)", "action_flag": 3, "change_message": ""}}, {"model": "admin.logentry", "pk": 284, "fields": {"action_time": "2024-07-01T17:46:36.619Z", "user": 1, "content_type": 12, "object_id": "66", "object_repr": "Notification object (66)", "action_flag": 3, "change_message": ""}}, {"model": "admin.logentry", "pk": 281, "fields": {"action_time": "2024-07-01T17:46:36.603Z", "user": 1, "content_type": 12, "object_id": "69", "object_repr": "Notification object (69)", "action_flag": 3, "change_message": ""}}, {"model": "admin.logentry", "pk": 282, "fields": {"action_time": "2024-07-01T17:46:36.603Z", "user": 1, "content_type": 12, "object_id": "68", "object_repr": "Notification object (68)", "action_flag": 3, "change_message": ""}}, {"model": "admin.logentry", "pk": 279, "fields": {"action_time": "2024-07-01T17:46:36.586Z", "user": 1, "content_type": 12, "object_id": "71", "object_repr": "Notification object (71)", "action_flag": 3, "change_message": ""}}, {"model": "admin.logentry", "pk": 280, "fields": {"action_time": "2024-07-01T17:46:36.586Z", "user": 1, "content_type": 12, "object_id": "70", "object_repr": "Notification object (70)", "action_flag": 3, "change_message": ""}}, {"model": "admin.logentry", "pk": 278, "fields": {"action_time": "2024-07-01T17:46:36.570Z", "user": 1, "content_type": 12, "object_id": "72", "object_repr": "Notification object (72)", "action_flag": 3, "change_message": ""}}, {"model": "admin.logentry", "pk": 277, "fields": {"action_time": "2024-07-01T17:46:36.567Z", "user": 1, "content_type": 12, "object_id": "73", "object_repr": "Notification object (73)", "action_flag": 3, "change_message": ""}}, {"model": "admin.logentry", "pk": 276, "fields": {"action_time": "2024-07-01T17:46:36.553Z", "user": 1, "content_type": 12, "object_id": "74", "object_repr": "Notification object (74)", "action_flag": 3, "change_message": ""}}, {"model": "admin.logentry", "pk": 275, "fields": {"action_time": "2024-07-01T17:46:36.546Z", "user": 1, "content_type": 12, "object_id": "75", "object_repr": "Notification object (75)", "action_flag": 3, "change_message": ""}}, {"model": "admin.logentry", "pk": 274, "fields": {"action_time": "2024-07-01T17:46:36.538Z", "user": 1, "content_type": 12, "object_id": "76", "object_repr": "Notification object (76)", "action_flag": 3, "change_message": ""}}, {"model": "admin.logentry", "pk": 272, "fields": {"action_time": "2024-07-01T17:46:36.519Z", "user": 1, "content_type": 12, "object_id": "78", "object_repr": "Notification object (78)", "action_flag": 3, "change_message": ""}}, {"model": "admin.logentry", "pk": 273, "fields": {"action_time": "2024-07-01T17:46:36.519Z", "user": 1, "content_type": 12, "object_id": "77", "object_repr": "Notification object (77)", "action_flag": 3, "change_message": ""}}, {"model": "admin.logentry", "pk": 271, "fields": {"action_time": "2024-07-01T17:46:36.486Z", "user": 1, "content_type": 12, "object_id": "79", "object_repr": "Notification object (79)", "action_flag": 3, "change_message": ""}}, {"model": "admin.logentry", "pk": 270, "fields": {"action_time": "2024-07-01T15:50:25.602Z", "user": 1, "content_type": 12, "object_id": "80", "object_repr": "Notification object (80)", "action_flag": 3, "change_message": ""}}, {"model": "admin.logentry", "pk": 269, "fields": {"action_time": "2024-07-01T15:50:25.600Z", "user": 1, "content_type": 12, "object_id": "81", "object_repr": "Notification object (81)", "action_flag": 3, "change_message": ""}}, {"model": "admin.logentry", "pk": 268, "fields": {"action_time": "2024-07-01T15:50:25.595Z", "user": 1, "content_type": 12, "object_id": "82", "object_repr": "Notification object (82)", "action_flag": 3, "change_message": ""}}, {"model": "admin.logentry", "pk": 267, "fields": {"action_time": "2024-07-01T15:50:25.590Z", "user": 1, "content_type": 12, "object_id": "83", "object_repr": "Notification object (83)", "action_flag": 3, "change_message": ""}}, {"model": "admin.logentry", "pk": 266, "fields": {"action_time": "2024-07-01T15:50:25.588Z", "user": 1, "content_type": 12, "object_id": "84", "object_repr": "Notification object (84)", "action_flag": 3, "change_message": ""}}, {"model": "admin.logentry", "pk": 265, "fields": {"action_time": "2024-07-01T15:50:25.584Z", "user": 1, "content_type": 12, "object_id": "85", "object_repr": "Notification object (85)", "action_flag": 3, "change_message": ""}}, {"model": "admin.logentry", "pk": 264, "fields": {"action_time": "2024-07-01T15:50:25.578Z", "user": 1, "content_type": 12, "object_id": "86", "object_repr": "Notification object (86)", "action_flag": 3, "change_message": ""}}, {"model": "admin.logentry", "pk": 261, "fields": {"action_time": "2024-07-01T15:50:25.567Z", "user": 1, "content_type": 12, "object_id": "89", "object_repr": "Notification object (89)", "action_flag": 3, "change_message": ""}}, {"model": "admin.logentry", "pk": 262, "fields": {"action_time": "2024-07-01T15:50:25.567Z", "user": 1, "content_type": 12, "object_id": "88", "object_repr": "Notification object (88)", "action_flag": 3, "change_message": ""}}, {"model": "admin.logentry", "pk": 263, "fields": {"action_time": "2024-07-01T15:50:25.567Z", "user": 1, "content_type": 12, "object_id": "87", "object_repr": "Notification object (87)", "action_flag": 3, "change_message": ""}}, {"model": "admin.logentry", "pk": 260, "fields": {"action_time": "2024-07-01T15:50:25.566Z", "user": 1, "content_type": 12, "object_id": "90", "object_repr": "Notification object (90)", "action_flag": 3, "change_message": ""}}, {"model": "admin.logentry", "pk": 259, "fields": {"action_time": "2024-07-01T15:50:25.563Z", "user": 1, "content_type": 12, "object_id": "91", "object_repr": "Notification object (91)", "action_flag": 3, "change_message": ""}}, {"model": "admin.logentry", "pk": 258, "fields": {"action_time": "2024-07-01T15:50:25.556Z", "user": 1, "content_type": 12, "object_id": "92", "object_repr": "Notification object (92)", "action_flag": 3, "change_message": ""}}, {"model": "admin.logentry", "pk": 257, "fields": {"action_time": "2024-07-01T15:50:25.554Z", "user": 1, "content_type": 12, "object_id": "93", "object_repr": "Notification object (93)", "action_flag": 3, "change_message": ""}}, {"model": "admin.logentry", "pk": 256, "fields": {"action_time": "2024-07-01T15:50:25.552Z", "user": 1, "content_type": 12, "object_id": "94", "object_repr": "Notification object (94)", "action_flag": 3, "change_message": ""}}, {"model": "admin.logentry", "pk": 255, "fields": {"action_time": "2024-07-01T15:50:25.547Z", "user": 1, "content_type": 12, "object_id": "95", "object_repr": "Notification object (95)", "action_flag": 3, "change_message": ""}}, {"model": "admin.logentry", "pk": 253, "fields": {"action_time": "2024-07-01T15:50:25.538Z", "user": 1, "content_type": 12, "object_id": "97", "object_repr": "Notification object (97)", "action_flag": 3, "change_message": ""}}, {"model": "admin.logentry", "pk": 254, "fields": {"action_time": "2024-07-01T15:50:25.538Z", "user": 1, "content_type": 12, "object_id": "96", "object_repr": "Notification object (96)", "action_flag": 3, "change_message": ""}}, {"model": "admin.logentry", "pk": 252, "fields": {"action_time": "2024-07-01T15:50:25.535Z", "user": 1, "content_type": 12, "object_id": "98", "object_repr": "Notification object (98)", "action_flag": 3, "change_message": ""}}, {"model": "admin.logentry", "pk": 251, "fields": {"action_time": "2024-07-01T15:50:25.533Z", "user": 1, "content_type": 12, "object_id": "99", "object_repr": "Notification object (99)", "action_flag": 3, "change_message": ""}}, {"model": "admin.logentry", "pk": 250, "fields": {"action_time": "2024-07-01T15:50:25.529Z", "user": 1, "content_type": 12, "object_id": "100", "object_repr": "Notification object (100)", "action_flag": 3, "change_message": ""}}, {"model": "admin.logentry", "pk": 249, "fields": {"action_time": "2024-07-01T15:50:25.523Z", "user": 1, "content_type": 12, "object_id": "101", "object_repr": "Notification object (101)", "action_flag": 3, "change_message": ""}}, {"model": "admin.logentry", "pk": 247, "fields": {"action_time": "2024-07-01T15:50:25.517Z", "user": 1, "content_type": 12, "object_id": "103", "object_repr": "Notification object (103)", "action_flag": 3, "change_message": ""}}, {"model": "admin.logentry", "pk": 248, "fields": {"action_time": "2024-07-01T15:50:25.517Z", "user": 1, "content_type": 12, "object_id": "102", "object_repr": "Notification object (102)", "action_flag": 3, "change_message": ""}}, {"model": "admin.logentry", "pk": 246, "fields": {"action_time": "2024-07-01T15:50:25.513Z", "user": 1, "content_type": 12, "object_id": "104", "object_repr": "Notification object (104)", "action_flag": 3, "change_message": ""}}, {"model": "admin.logentry", "pk": 243, "fields": {"action_time": "2024-07-01T15:50:25.501Z", "user": 1, "content_type": 12, "object_id": "107", "object_repr": "Notification object (107)", "action_flag": 3, "change_message": ""}}, {"model": "admin.logentry", "pk": 244, "fields": {"action_time": "2024-07-01T15:50:25.501Z", "user": 1, "content_type": 12, "object_id": "106", "object_repr": "Notification object (106)", "action_flag": 3, "change_message": ""}}, {"model": "admin.logentry", "pk": 245, "fields": {"action_time": "2024-07-01T15:50:25.501Z", "user": 1, "content_type": 12, "object_id": "105", "object_repr": "Notification object (105)", "action_flag": 3, "change_message": ""}}, {"model": "admin.logentry", "pk": 242, "fields": {"action_time": "2024-07-01T15:50:25.499Z", "user": 1, "content_type": 12, "object_id": "108", "object_repr": "Notification object (108)", "action_flag": 3, "change_message": ""}}, {"model": "admin.logentry", "pk": 240, "fields": {"action_time": "2024-07-01T15:50:25.489Z", "user": 1, "content_type": 12, "object_id": "110", "object_repr": "Notification object (110)", "action_flag": 3, "change_message": ""}}, {"model": "admin.logentry", "pk": 241, "fields": {"action_time": "2024-07-01T15:50:25.489Z", "user": 1, "content_type": 12, "object_id": "109", "object_repr": "Notification object (109)", "action_flag": 3, "change_message": ""}}, {"model": "admin.logentry", "pk": 239, "fields": {"action_time": "2024-07-01T15:50:25.488Z", "user": 1, "content_type": 12, "object_id": "111", "object_repr": "Notification object (111)", "action_flag": 3, "change_message": ""}}, {"model": "admin.logentry", "pk": 238, "fields": {"action_time": "2024-07-01T15:50:25.484Z", "user": 1, "content_type": 12, "object_id": "112", "object_repr": "Notification object (112)", "action_flag": 3, "change_message": ""}}, {"model": "admin.logentry", "pk": 236, "fields": {"action_time": "2024-07-01T15:50:25.473Z", "user": 1, "content_type": 12, "object_id": "114", "object_repr": "Notification object (114)", "action_flag": 3, "change_message": ""}}, {"model": "admin.logentry", "pk": 237, "fields": {"action_time": "2024-07-01T15:50:25.473Z", "user": 1, "content_type": 12, "object_id": "113", "object_repr": "Notification object (113)", "action_flag": 3, "change_message": ""}}, {"model": "admin.logentry", "pk": 234, "fields": {"action_time": "2024-07-01T15:50:25.468Z", "user": 1, "content_type": 12, "object_id": "116", "object_repr": "Notification object (116)", "action_flag": 3, "change_message": ""}}, {"model": "admin.logentry", "pk": 235, "fields": {"action_time": "2024-07-01T15:50:25.468Z", "user": 1, "content_type": 12, "object_id": "115", "object_repr": "Notification object (115)", "action_flag": 3, "change_message": ""}}, {"model": "admin.logentry", "pk": 233, "fields": {"action_time": "2024-07-01T15:50:25.462Z", "user": 1, "content_type": 12, "object_id": "117", "object_repr": "Notification object (117)", "action_flag": 3, "change_message": ""}}, {"model": "admin.logentry", "pk": 230, "fields": {"action_time": "2024-07-01T15:50:25.451Z", "user": 1, "content_type": 12, "object_id": "120", "object_repr": "Notification object (120)", "action_flag": 3, "change_message": ""}}, {"model": "admin.logentry", "pk": 231, "fields": {"action_time": "2024-07-01T15:50:25.451Z", "user": 1, "content_type": 12, "object_id": "119", "object_repr": "Notification object (119)", "action_flag": 3, "change_message": ""}}, {"model": "admin.logentry", "pk": 232, "fields": {"action_time": "2024-07-01T15:50:25.451Z", "user": 1, "content_type": 12, "object_id": "118", "object_repr": "Notification object (118)", "action_flag": 3, "change_message": ""}}, {"model": "admin.logentry", "pk": 229, "fields": {"action_time": "2024-07-01T15:50:25.450Z", "user": 1, "content_type": 12, "object_id": "121", "object_repr": "Notification object (121)", "action_flag": 3, "change_message": ""}}, {"model": "admin.logentry", "pk": 228, "fields": {"action_time": "2024-07-01T15:50:25.443Z", "user": 1, "content_type": 12, "object_id": "122", "object_repr": "Notification object (122)", "action_flag": 3, "change_message": ""}}, {"model": "admin.logentry", "pk": 227, "fields": {"action_time": "2024-07-01T15:50:25.441Z", "user": 1, "content_type": 12, "object_id": "123", "object_repr": "Notification object (123)", "action_flag": 3, "change_message": ""}}, {"model": "admin.logentry", "pk": 225, "fields": {"action_time": "2024-07-01T15:50:25.434Z", "user": 1, "content_type": 12, "object_id": "125", "object_repr": "Notification object (125)", "action_flag": 3, "change_message": ""}}, {"model": "admin.logentry", "pk": 226, "fields": {"action_time": "2024-07-01T15:50:25.434Z", "user": 1, "content_type": 12, "object_id": "124", "object_repr": "Notification object (124)", "action_flag": 3, "change_message": ""}}, {"model": "admin.logentry", "pk": 222, "fields": {"action_time": "2024-07-01T15:50:25.420Z", "user": 1, "content_type": 12, "object_id": "128", "object_repr": "Notification object (128)", "action_flag": 3, "change_message": ""}}, {"model": "admin.logentry", "pk": 223, "fields": {"action_time": "2024-07-01T15:50:25.420Z", "user": 1, "content_type": 12, "object_id": "127", "object_repr": "Notification object (127)", "action_flag": 3, "change_message": ""}}, {"model": "admin.logentry", "pk": 224, "fields": {"action_time": "2024-07-01T15:50:25.420Z", "user": 1, "content_type": 12, "object_id": "126", "object_repr": "Notification object (126)", "action_flag": 3, "change_message": ""}}, {"model": "admin.logentry", "pk": 221, "fields": {"action_time": "2024-07-01T15:50:25.417Z", "user": 1, "content_type": 12, "object_id": "129", "object_repr": "Notification object (129)", "action_flag": 3, "change_message": ""}}, {"model": "admin.logentry", "pk": 220, "fields": {"action_time": "2024-07-01T15:50:25.412Z", "user": 1, "content_type": 12, "object_id": "130", "object_repr": "Notification object (130)", "action_flag": 3, "change_message": ""}}, {"model": "admin.logentry", "pk": 219, "fields": {"action_time": "2024-07-01T15:50:25.409Z", "user": 1, "content_type": 12, "object_id": "131", "object_repr": "Notification object (131)", "action_flag": 3, "change_message": ""}}, {"model": "admin.logentry", "pk": 218, "fields": {"action_time": "2024-07-01T15:50:25.404Z", "user": 1, "content_type": 12, "object_id": "132", "object_repr": "Notification object (132)", "action_flag": 3, "change_message": ""}}, {"model": "admin.logentry", "pk": 217, "fields": {"action_time": "2024-07-01T15:50:25.403Z", "user": 1, "content_type": 12, "object_id": "133", "object_repr": "Notification object (133)", "action_flag": 3, "change_message": ""}}, {"model": "admin.logentry", "pk": 216, "fields": {"action_time": "2024-07-01T15:50:25.400Z", "user": 1, "content_type": 12, "object_id": "134", "object_repr": "Notification object (134)", "action_flag": 3, "change_message": ""}}, {"model": "admin.logentry", "pk": 215, "fields": {"action_time": "2024-07-01T15:50:25.393Z", "user": 1, "content_type": 12, "object_id": "135", "object_repr": "Notification object (135)", "action_flag": 3, "change_message": ""}}, {"model": "admin.logentry", "pk": 214, "fields": {"action_time": "2024-07-01T15:50:25.392Z", "user": 1, "content_type": 12, "object_id": "136", "object_repr": "Notification object (136)", "action_flag": 3, "change_message": ""}}, {"model": "admin.logentry", "pk": 213, "fields": {"action_time": "2024-07-01T15:50:25.389Z", "user": 1, "content_type": 12, "object_id": "137", "object_repr": "Notification object (137)", "action_flag": 3, "change_message": ""}}, {"model": "admin.logentry", "pk": 212, "fields": {"action_time": "2024-07-01T15:50:25.385Z", "user": 1, "content_type": 12, "object_id": "138", "object_repr": "Notification object (138)", "action_flag": 3, "change_message": ""}}, {"model": "admin.logentry", "pk": 211, "fields": {"action_time": "2024-07-01T15:50:25.376Z", "user": 1, "content_type": 12, "object_id": "139", "object_repr": "Notification object (139)", "action_flag": 3, "change_message": ""}}, {"model": "admin.logentry", "pk": 210, "fields": {"action_time": "2024-07-01T15:50:25.373Z", "user": 1, "content_type": 12, "object_id": "140", "object_repr": "Notification object (140)", "action_flag": 3, "change_message": ""}}, {"model": "admin.logentry", "pk": 209, "fields": {"action_time": "2024-07-01T15:50:25.368Z", "user": 1, "content_type": 12, "object_id": "141", "object_repr": "Notification object (141)", "action_flag": 3, "change_message": ""}}, {"model": "admin.logentry", "pk": 208, "fields": {"action_time": "2024-07-01T15:50:25.360Z", "user": 1, "content_type": 12, "object_id": "142", "object_repr": "Notification object (142)", "action_flag": 3, "change_message": ""}}, {"model": "admin.logentry", "pk": 207, "fields": {"action_time": "2024-07-01T15:50:25.359Z", "user": 1, "content_type": 12, "object_id": "143", "object_repr": "Notification object (143)", "action_flag": 3, "change_message": ""}}, {"model": "admin.logentry", "pk": 206, "fields": {"action_time": "2024-07-01T15:50:25.351Z", "user": 1, "content_type": 12, "object_id": "144", "object_repr": "Notification object (144)", "action_flag": 3, "change_message": ""}}, {"model": "admin.logentry", "pk": 205, "fields": {"action_time": "2024-07-01T15:50:25.344Z", "user": 1, "content_type": 12, "object_id": "145", "object_repr": "Notification object (145)", "action_flag": 3, "change_message": ""}}, {"model": "admin.logentry", "pk": 204, "fields": {"action_time": "2024-07-01T15:50:25.339Z", "user": 1, "content_type": 12, "object_id": "146", "object_repr": "Notification object (146)", "action_flag": 3, "change_message": ""}}, {"model": "admin.logentry", "pk": 203, "fields": {"action_time": "2024-07-01T15:50:25.335Z", "user": 1, "content_type": 12, "object_id": "147", "object_repr": "Notification object (147)", "action_flag": 3, "change_message": ""}}, {"model": "admin.logentry", "pk": 202, "fields": {"action_time": "2024-07-01T15:50:25.327Z", "user": 1, "content_type": 12, "object_id": "148", "object_repr": "Notification object (148)", "action_flag": 3, "change_message": ""}}, {"model": "admin.logentry", "pk": 201, "fields": {"action_time": "2024-07-01T15:50:25.324Z", "user": 1, "content_type": 12, "object_id": "149", "object_repr": "Notification object (149)", "action_flag": 3, "change_message": ""}}, {"model": "admin.logentry", "pk": 200, "fields": {"action_time": "2024-07-01T15:50:25.318Z", "user": 1, "content_type": 12, "object_id": "150", "object_repr": "Notification object (150)", "action_flag": 3, "change_message": ""}}, {"model": "admin.logentry", "pk": 199, "fields": {"action_time": "2024-07-01T15:50:25.316Z", "user": 1, "content_type": 12, "object_id": "151", "object_repr": "Notification object (151)", "action_flag": 3, "change_message": ""}}, {"model": "admin.logentry", "pk": 198, "fields": {"action_time": "2024-07-01T15:50:25.311Z", "user": 1, "content_type": 12, "object_id": "152", "object_repr": "Notification object (152)", "action_flag": 3, "change_message": ""}}, {"model": "admin.logentry", "pk": 197, "fields": {"action_time": "2024-07-01T15:50:25.306Z", "user": 1, "content_type": 12, "object_id": "153", "object_repr": "Notification object (153)", "action_flag": 3, "change_message": ""}}, {"model": "admin.logentry", "pk": 196, "fields": {"action_time": "2024-07-01T15:50:25.302Z", "user": 1, "content_type": 12, "object_id": "154", "object_repr": "Notification object (154)", "action_flag": 3, "change_message": ""}}, {"model": "admin.logentry", "pk": 195, "fields": {"action_time": "2024-07-01T15:50:25.295Z", "user": 1, "content_type": 12, "object_id": "155", "object_repr": "Notification object (155)", "action_flag": 3, "change_message": ""}}, {"model": "admin.logentry", "pk": 194, "fields": {"action_time": "2024-07-01T15:50:25.293Z", "user": 1, "content_type": 12, "object_id": "156", "object_repr": "Notification object (156)", "action_flag": 3, "change_message": ""}}, {"model": "admin.logentry", "pk": 193, "fields": {"action_time": "2024-07-01T15:50:25.288Z", "user": 1, "content_type": 12, "object_id": "157", "object_repr": "Notification object (157)", "action_flag": 3, "change_message": ""}}, {"model": "admin.logentry", "pk": 192, "fields": {"action_time": "2024-07-01T15:50:25.285Z", "user": 1, "content_type": 12, "object_id": "158", "object_repr": "Notification object (158)", "action_flag": 3, "change_message": ""}}, {"model": "admin.logentry", "pk": 191, "fields": {"action_time": "2024-07-01T15:50:25.280Z", "user": 1, "content_type": 12, "object_id": "159", "object_repr": "Notification object (159)", "action_flag": 3, "change_message": ""}}, {"model": "admin.logentry", "pk": 190, "fields": {"action_time": "2024-07-01T15:50:25.277Z", "user": 1, "content_type": 12, "object_id": "160", "object_repr": "Notification object (160)", "action_flag": 3, "change_message": ""}}, {"model": "admin.logentry", "pk": 189, "fields": {"action_time": "2024-07-01T15:50:25.273Z", "user": 1, "content_type": 12, "object_id": "161", "object_repr": "Notification object (161)", "action_flag": 3, "change_message": ""}}, {"model": "admin.logentry", "pk": 188, "fields": {"action_time": "2024-07-01T15:50:25.270Z", "user": 1, "content_type": 12, "object_id": "162", "object_repr": "Notification object (162)", "action_flag": 3, "change_message": ""}}, {"model": "admin.logentry", "pk": 187, "fields": {"action_time": "2024-07-01T15:50:25.267Z", "user": 1, "content_type": 12, "object_id": "163", "object_repr": "Notification object (163)", "action_flag": 3, "change_message": ""}}, {"model": "admin.logentry", "pk": 186, "fields": {"action_time": "2024-07-01T15:50:25.263Z", "user": 1, "content_type": 12, "object_id": "164", "object_repr": "Notification object (164)", "action_flag": 3, "change_message": ""}}, {"model": "admin.logentry", "pk": 185, "fields": {"action_time": "2024-07-01T15:50:25.259Z", "user": 1, "content_type": 12, "object_id": "165", "object_repr": "Notification object (165)", "action_flag": 3, "change_message": ""}}, {"model": "admin.logentry", "pk": 184, "fields": {"action_time": "2024-07-01T15:50:25.256Z", "user": 1, "content_type": 12, "object_id": "166", "object_repr": "Notification object (166)", "action_flag": 3, "change_message": ""}}, {"model": "admin.logentry", "pk": 183, "fields": {"action_time": "2024-07-01T15:50:25.251Z", "user": 1, "content_type": 12, "object_id": "167", "object_repr": "Notification object (167)", "action_flag": 3, "change_message": ""}}, {"model": "admin.logentry", "pk": 182, "fields": {"action_time": "2024-07-01T15:50:25.247Z", "user": 1, "content_type": 12, "object_id": "168", "object_repr": "Notification object (168)", "action_flag": 3, "change_message": ""}}, {"model": "admin.logentry", "pk": 181, "fields": {"action_time": "2024-07-01T15:50:25.242Z", "user": 1, "content_type": 12, "object_id": "169", "object_repr": "Notification object (169)", "action_flag": 3, "change_message": ""}}, {"model": "admin.logentry", "pk": 179, "fields": {"action_time": "2024-07-01T15:50:25.237Z", "user": 1, "content_type": 12, "object_id": "171", "object_repr": "Notification object (171)", "action_flag": 3, "change_message": ""}}, {"model": "admin.logentry", "pk": 180, "fields": {"action_time": "2024-07-01T15:50:25.237Z", "user": 1, "content_type": 12, "object_id": "170", "object_repr": "Notification object (170)", "action_flag": 3, "change_message": ""}}, {"model": "admin.logentry", "pk": 178, "fields": {"action_time": "2024-07-01T15:50:25.231Z", "user": 1, "content_type": 12, "object_id": "172", "object_repr": "Notification object (172)", "action_flag": 3, "change_message": ""}}, {"model": "admin.logentry", "pk": 177, "fields": {"action_time": "2024-07-01T15:50:25.225Z", "user": 1, "content_type": 12, "object_id": "173", "object_repr": "Notification object (173)", "action_flag": 3, "change_message": ""}}, {"model": "admin.logentry", "pk": 176, "fields": {"action_time": "2024-07-01T15:50:25.222Z", "user": 1, "content_type": 12, "object_id": "174", "object_repr": "Notification object (174)", "action_flag": 3, "change_message": ""}}, {"model": "admin.logentry", "pk": 175, "fields": {"action_time": "2024-07-01T15:50:25.219Z", "user": 1, "content_type": 12, "object_id": "175", "object_repr": "Notification object (175)", "action_flag": 3, "change_message": ""}}, {"model": "admin.logentry", "pk": 173, "fields": {"action_time": "2024-07-01T15:50:25.210Z", "user": 1, "content_type": 12, "object_id": "177", "object_repr": "Notification object (177)", "action_flag": 3, "change_message": ""}}, {"model": "admin.logentry", "pk": 174, "fields": {"action_time": "2024-07-01T15:50:25.210Z", "user": 1, "content_type": 12, "object_id": "176", "object_repr": "Notification object (176)", "action_flag": 3, "change_message": ""}}, {"model": "admin.logentry", "pk": 172, "fields": {"action_time": "2024-07-01T15:50:25.206Z", "user": 1, "content_type": 12, "object_id": "178", "object_repr": "Notification object (178)", "action_flag": 3, "change_message": ""}}, {"model": "admin.logentry", "pk": 171, "fields": {"action_time": "2024-07-01T15:50:25.199Z", "user": 1, "content_type": 12, "object_id": "179", "object_repr": "Notification object (179)", "action_flag": 3, "change_message": ""}}, {"model": "admin.logentry", "pk": 170, "fields": {"action_time": "2024-07-01T15:50:03.302Z", "user": 1, "content_type": 11, "object_id": "11", "object_repr": "Ikirezi", "action_flag": 3, "change_message": ""}}, {"model": "admin.logentry", "pk": 169, "fields": {"action_time": "2024-07-01T15:50:03.286Z", "user": 1, "content_type": 11, "object_id": "14", "object_repr": "Gilbert", "action_flag": 3, "change_message": ""}}, {"model": "admin.logentry", "pk": 168, "fields": {"action_time": "2024-07-01T15:50:03.271Z", "user": 1, "content_type": 11, "object_id": "12", "object_repr": "jules", "action_flag": 3, "change_message": ""}}, {"model": "admin.logentry", "pk": 167, "fields": {"action_time": "2024-06-29T14:03:43.280Z", "user": 1, "content_type": 9, "object_id": "151", "object_repr": "Gilbert's entry on 2024-06-29 13:48:52.885970+00:00", "action_flag": 3, "change_message": ""}}, {"model": "admin.logentry", "pk": 166, "fields": {"action_time": "2024-06-29T14:03:43.279Z", "user": 1, "content_type": 9, "object_id": "152", "object_repr": "Gilbert's entry on 2024-06-29 13:49:01.385865+00:00", "action_flag": 3, "change_message": ""}}, {"model": "admin.logentry", "pk": 165, "fields": {"action_time": "2024-06-29T14:03:43.275Z", "user": 1, "content_type": 9, "object_id": "153", "object_repr": "Gilbert's entry on 2024-06-29 13:49:52.049733+00:00", "action_flag": 3, "change_message": ""}}, {"model": "admin.logentry", "pk": 163, "fields": {"action_time": "2024-06-29T14:03:43.268Z", "user": 1, "content_type": 9, "object_id": "155", "object_repr": "Gilbert's entry on 2024-06-29 13:50:41.775823+00:00", "action_flag": 3, "change_message": ""}}, {"model": "admin.logentry", "pk": 164, "fields": {"action_time": "2024-06-29T14:03:43.268Z", "user": 1, "content_type": 9, "object_id": "154", "object_repr": "Gilbert's entry on 2024-06-29 13:50:37.546064+00:00", "action_flag": 3, "change_message": ""}}, {"model": "admin.logentry", "pk": 162, "fields": {"action_time": "2024-06-29T14:03:43.265Z", "user": 1, "content_type": 9, "object_id": "156", "object_repr": "Gilbert's entry on 2024-06-29 13:53:46.922751+00:00", "action_flag": 3, "change_message": ""}}, {"model": "admin.logentry", "pk": 161, "fields": {"action_time": "2024-06-29T14:03:43.261Z", "user": 1, "content_type": 9, "object_id": "157", "object_repr": "Gilbert's entry on 2024-06-29 13:56:44.031162+00:00", "action_flag": 3, "change_message": ""}}, {"model": "admin.logentry", "pk": 160, "fields": {"action_time": "2024-06-29T14:03:43.257Z", "user": 1, "content_type": 9, "object_id": "158", "object_repr": "Gilbert's entry on 2024-06-29 13:56:48.356014+00:00", "action_flag": 3, "change_message": ""}}, {"model": "admin.logentry", "pk": 159, "fields": {"action_time": "2024-06-29T14:03:43.254Z", "user": 1, "content_type": 9, "object_id": "159", "object_repr": "Gilbert's entry on 2024-06-29 13:58:36.074225+00:00", "action_flag": 3, "change_message": ""}}, {"model": "admin.logentry", "pk": 158, "fields": {"action_time": "2024-06-29T14:03:43.250Z", "user": 1, "content_type": 9, "object_id": "160", "object_repr": "Gilbert's entry on 2024-06-29 13:58:44.578218+00:00", "action_flag": 3, "change_message": ""}}, {"model": "admin.logentry", "pk": 157, "fields": {"action_time": "2024-06-29T14:03:43.246Z", "user": 1, "content_type": 9, "object_id": "161", "object_repr": "Gilbert's entry on 2024-06-29 13:58:49.596089+00:00", "action_flag": 3, "change_message": ""}}, {"model": "admin.logentry", "pk": 156, "fields": {"action_time": "2024-06-29T14:03:43.241Z", "user": 1, "content_type": 9, "object_id": "162", "object_repr": "Gilbert's entry on 2024-06-29 14:01:17.435769+00:00", "action_flag": 3, "change_message": ""}}, {"model": "admin.logentry", "pk": 155, "fields": {"action_time": "2024-06-29T14:03:43.235Z", "user": 1, "content_type": 9, "object_id": "163", "object_repr": "Gilbert's entry on 2024-06-29 14:01:23.067057+00:00", "action_flag": 3, "change_message": ""}}, {"model": "admin.logentry", "pk": 153, "fields": {"action_time": "2024-06-29T14:03:43.230Z", "user": 1, "content_type": 9, "object_id": "165", "object_repr": "Gilbert's entry on 2024-06-29 14:01:35.185811+00:00", "action_flag": 3, "change_message": ""}}, {"model": "admin.logentry", "pk": 154, "fields": {"action_time": "2024-06-29T14:03:43.230Z", "user": 1, "content_type": 9, "object_id": "164", "object_repr": "Gilbert's entry on 2024-06-29 14:01:29.850824+00:00", "action_flag": 3, "change_message": ""}}, {"model": "admin.logentry", "pk": 152, "fields": {"action_time": "2024-06-29T14:03:43.227Z", "user": 1, "content_type": 9, "object_id": "166", "object_repr": "Gilbert's entry on 2024-06-29 14:02:16.649339+00:00", "action_flag": 3, "change_message": ""}}, {"model": "admin.logentry", "pk": 151, "fields": {"action_time": "2024-06-29T14:03:43.222Z", "user": 1, "content_type": 9, "object_id": "167", "object_repr": "Gilbert's entry on 2024-06-29 14:02:21.928847+00:00", "action_flag": 3, "change_message": ""}}, {"model": "admin.logentry", "pk": 150, "fields": {"action_time": "2024-06-29T14:03:43.217Z", "user": 1, "content_type": 9, "object_id": "168", "object_repr": "Gilbert's entry on 2024-06-29 14:02:31.935924+00:00", "action_flag": 3, "change_message": ""}}, {"model": "admin.logentry", "pk": 149, "fields": {"action_time": "2024-06-29T14:03:43.215Z", "user": 1, "content_type": 9, "object_id": "169", "object_repr": "Gilbert's entry on 2024-06-29 14:02:41.195505+00:00", "action_flag": 3, "change_message": ""}}, {"model": "admin.logentry", "pk": 148, "fields": {"action_time": "2024-06-29T14:03:43.212Z", "user": 1, "content_type": 9, "object_id": "170", "object_repr": "Gilbert's entry on 2024-06-29 14:02:57.922458+00:00", "action_flag": 3, "change_message": ""}}, {"model": "admin.logentry", "pk": 146, "fields": {"action_time": "2024-06-29T13:42:48.355Z", "user": 1, "content_type": 9, "object_id": "114", "object_repr": "Gilbert's entry on 2024-06-29 13:27:37.087527+00:00", "action_flag": 3, "change_message": ""}}, {"model": "admin.logentry", "pk": 147, "fields": {"action_time": "2024-06-29T13:42:48.355Z", "user": 1, "content_type": 9, "object_id": "113", "object_repr": "Gilbert's entry on 2024-06-29 13:27:29.568582+00:00", "action_flag": 3, "change_message": ""}}, {"model": "admin.logentry", "pk": 144, "fields": {"action_time": "2024-06-29T13:42:48.349Z", "user": 1, "content_type": 9, "object_id": "116", "object_repr": "Gilbert's entry on 2024-06-29 13:28:14.307472+00:00", "action_flag": 3, "change_message": ""}}, {"model": "admin.logentry", "pk": 145, "fields": {"action_time": "2024-06-29T13:42:48.349Z", "user": 1, "content_type": 9, "object_id": "115", "object_repr": "Gilbert's entry on 2024-06-29 13:27:50.087791+00:00", "action_flag": 3, "change_message": ""}}, {"model": "admin.logentry", "pk": 143, "fields": {"action_time": "2024-06-29T13:42:48.346Z", "user": 1, "content_type": 9, "object_id": "117", "object_repr": "Gilbert's entry on 2024-06-29 13:28:19.967804+00:00", "action_flag": 3, "change_message": ""}}, {"model": "admin.logentry", "pk": 142, "fields": {"action_time": "2024-06-29T13:42:48.344Z", "user": 1, "content_type": 9, "object_id": "118", "object_repr": "Gilbert's entry on 2024-06-29 13:28:28.077402+00:00", "action_flag": 3, "change_message": ""}}, {"model": "admin.logentry", "pk": 141, "fields": {"action_time": "2024-06-29T13:42:48.338Z", "user": 1, "content_type": 9, "object_id": "119", "object_repr": "Gilbert's entry on 2024-06-29 13:28:31.802957+00:00", "action_flag": 3, "change_message": ""}}, {"model": "admin.logentry", "pk": 140, "fields": {"action_time": "2024-06-29T13:42:48.336Z", "user": 1, "content_type": 9, "object_id": "120", "object_repr": "Gilbert's entry on 2024-06-29 13:28:37.067736+00:00", "action_flag": 3, "change_message": ""}}, {"model": "admin.logentry", "pk": 139, "fields": {"action_time": "2024-06-29T13:42:48.333Z", "user": 1, "content_type": 9, "object_id": "121", "object_repr": "Gilbert's entry on 2024-06-29 13:28:44.267947+00:00", "action_flag": 3, "change_message": ""}}, {"model": "admin.logentry", "pk": 137, "fields": {"action_time": "2024-06-29T13:42:48.328Z", "user": 1, "content_type": 9, "object_id": "123", "object_repr": "Gilbert's entry on 2024-06-29 13:34:37.103301+00:00", "action_flag": 3, "change_message": ""}}, {"model": "admin.logentry", "pk": 138, "fields": {"action_time": "2024-06-29T13:42:48.328Z", "user": 1, "content_type": 9, "object_id": "122", "object_repr": "Gilbert's entry on 2024-06-29 13:28:49.912535+00:00", "action_flag": 3, "change_message": ""}}, {"model": "admin.logentry", "pk": 136, "fields": {"action_time": "2024-06-29T13:42:48.326Z", "user": 1, "content_type": 9, "object_id": "124", "object_repr": "Gilbert's entry on 2024-06-29 13:34:42.696453+00:00", "action_flag": 3, "change_message": ""}}, {"model": "admin.logentry", "pk": 134, "fields": {"action_time": "2024-06-29T13:42:48.320Z", "user": 1, "content_type": 9, "object_id": "126", "object_repr": "Gilbert's entry on 2024-06-29 13:34:52.711037+00:00", "action_flag": 3, "change_message": ""}}, {"model": "admin.logentry", "pk": 135, "fields": {"action_time": "2024-06-29T13:42:48.320Z", "user": 1, "content_type": 9, "object_id": "125", "object_repr": "Gilbert's entry on 2024-06-29 13:34:48.666049+00:00", "action_flag": 3, "change_message": ""}}, {"model": "admin.logentry", "pk": 132, "fields": {"action_time": "2024-06-29T13:42:48.316Z", "user": 1, "content_type": 9, "object_id": "128", "object_repr": "Gilbert's entry on 2024-06-29 13:35:04.520983+00:00", "action_flag": 3, "change_message": ""}}, {"model": "admin.logentry", "pk": 133, "fields": {"action_time": "2024-06-29T13:42:48.316Z", "user": 1, "content_type": 9, "object_id": "127", "object_repr": "Gilbert's entry on 2024-06-29 13:35:00.778573+00:00", "action_flag": 3, "change_message": ""}}, {"model": "admin.logentry", "pk": 131, "fields": {"action_time": "2024-06-29T13:42:48.311Z", "user": 1, "content_type": 9, "object_id": "129", "object_repr": "Gilbert's entry on 2024-06-29 13:36:24.901179+00:00", "action_flag": 3, "change_message": ""}}, {"model": "admin.logentry", "pk": 130, "fields": {"action_time": "2024-06-29T13:42:48.310Z", "user": 1, "content_type": 9, "object_id": "130", "object_repr": "Gilbert's entry on 2024-06-29 13:36:28.801430+00:00", "action_flag": 3, "change_message": ""}}, {"model": "admin.logentry", "pk": 129, "fields": {"action_time": "2024-06-29T13:42:48.306Z", "user": 1, "content_type": 9, "object_id": "131", "object_repr": "Gilbert's entry on 2024-06-29 13:36:32.496400+00:00", "action_flag": 3, "change_message": ""}}, {"model": "admin.logentry", "pk": 128, "fields": {"action_time": "2024-06-29T13:42:48.304Z", "user": 1, "content_type": 9, "object_id": "132", "object_repr": "Gilbert's entry on 2024-06-29 13:36:36.221197+00:00", "action_flag": 3, "change_message": ""}}, {"model": "admin.logentry", "pk": 126, "fields": {"action_time": "2024-06-29T13:42:48.299Z", "user": 1, "content_type": 9, "object_id": "134", "object_repr": "Gilbert's entry on 2024-06-29 13:37:21.246315+00:00", "action_flag": 3, "change_message": ""}}, {"model": "admin.logentry", "pk": 127, "fields": {"action_time": "2024-06-29T13:42:48.299Z", "user": 1, "content_type": 9, "object_id": "133", "object_repr": "Gilbert's entry on 2024-06-29 13:37:15.322076+00:00", "action_flag": 3, "change_message": ""}}, {"model": "admin.logentry", "pk": 125, "fields": {"action_time": "2024-06-29T13:42:48.296Z", "user": 1, "content_type": 9, "object_id": "135", "object_repr": "Gilbert's entry on 2024-06-29 13:37:28.616372+00:00", "action_flag": 3, "change_message": ""}}, {"model": "admin.logentry", "pk": 124, "fields": {"action_time": "2024-06-29T13:42:48.294Z", "user": 1, "content_type": 9, "object_id": "136", "object_repr": "Gilbert's entry on 2024-06-29 13:37:32.338829+00:00", "action_flag": 3, "change_message": ""}}, {"model": "admin.logentry", "pk": 122, "fields": {"action_time": "2024-06-29T13:42:48.287Z", "user": 1, "content_type": 9, "object_id": "138", "object_repr": "Gilbert's entry on 2024-06-29 13:37:49.083775+00:00", "action_flag": 3, "change_message": ""}}, {"model": "admin.logentry", "pk": 123, "fields": {"action_time": "2024-06-29T13:42:48.287Z", "user": 1, "content_type": 9, "object_id": "137", "object_repr": "Gilbert's entry on 2024-06-29 13:37:37.961384+00:00", "action_flag": 3, "change_message": ""}}, {"model": "admin.logentry", "pk": 121, "fields": {"action_time": "2024-06-29T13:42:48.285Z", "user": 1, "content_type": 9, "object_id": "139", "object_repr": "Gilbert's entry on 2024-06-29 13:37:57.206268+00:00", "action_flag": 3, "change_message": ""}}, {"model": "admin.logentry", "pk": 120, "fields": {"action_time": "2024-06-29T13:42:48.282Z", "user": 1, "content_type": 9, "object_id": "140", "object_repr": "Gilbert's entry on 2024-06-29 13:38:25.500976+00:00", "action_flag": 3, "change_message": ""}}, {"model": "admin.logentry", "pk": 119, "fields": {"action_time": "2024-06-29T13:42:48.278Z", "user": 1, "content_type": 9, "object_id": "141", "object_repr": "Gilbert's entry on 2024-06-29 13:38:33.720827+00:00", "action_flag": 3, "change_message": ""}}, {"model": "admin.logentry", "pk": 118, "fields": {"action_time": "2024-06-29T13:42:48.276Z", "user": 1, "content_type": 9, "object_id": "142", "object_repr": "Gilbert's entry on 2024-06-29 13:38:42.171018+00:00", "action_flag": 3, "change_message": ""}}, {"model": "admin.logentry", "pk": 117, "fields": {"action_time": "2024-06-29T13:42:48.271Z", "user": 1, "content_type": 9, "object_id": "143", "object_repr": "Gilbert's entry on 2024-06-29 13:38:50.321199+00:00", "action_flag": 3, "change_message": ""}}, {"model": "admin.logentry", "pk": 116, "fields": {"action_time": "2024-06-29T13:42:48.271Z", "user": 1, "content_type": 9, "object_id": "144", "object_repr": "Gilbert's entry on 2024-06-29 13:39:03.322485+00:00", "action_flag": 3, "change_message": ""}}, {"model": "admin.logentry", "pk": 114, "fields": {"action_time": "2024-06-29T13:42:48.266Z", "user": 1, "content_type": 9, "object_id": "146", "object_repr": "Gilbert's entry on 2024-06-29 13:41:42.289139+00:00", "action_flag": 3, "change_message": ""}}, {"model": "admin.logentry", "pk": 115, "fields": {"action_time": "2024-06-29T13:42:48.266Z", "user": 1, "content_type": 9, "object_id": "145", "object_repr": "Gilbert's entry on 2024-06-29 13:39:10.736251+00:00", "action_flag": 3, "change_message": ""}}, {"model": "admin.logentry", "pk": 113, "fields": {"action_time": "2024-06-29T13:42:48.261Z", "user": 1, "content_type": 9, "object_id": "147", "object_repr": "Gilbert's entry on 2024-06-29 13:41:50.281211+00:00", "action_flag": 3, "change_message": ""}}, {"model": "admin.logentry", "pk": 112, "fields": {"action_time": "2024-06-29T13:42:48.260Z", "user": 1, "content_type": 9, "object_id": "148", "object_repr": "Gilbert's entry on 2024-06-29 13:42:00.633634+00:00", "action_flag": 3, "change_message": ""}}, {"model": "admin.logentry", "pk": 111, "fields": {"action_time": "2024-06-29T13:42:48.256Z", "user": 1, "content_type": 9, "object_id": "149", "object_repr": "Gilbert's entry on 2024-06-29 13:42:18.377995+00:00", "action_flag": 3, "change_message": ""}}, {"model": "admin.logentry", "pk": 110, "fields": {"action_time": "2024-06-29T13:42:48.246Z", "user": 1, "content_type": 9, "object_id": "150", "object_repr": "Gilbert's entry on 2024-06-29 13:42:25.699941+00:00", "action_flag": 3, "change_message": ""}}, {"model": "admin.logentry", "pk": 109, "fields": {"action_time": "2024-06-29T13:27:15.194Z", "user": 1, "content_type": 9, "object_id": "98", "object_repr": "Gilbert's entry on 2024-06-29 13:22:03.458021+00:00", "action_flag": 3, "change_message": ""}}, {"model": "admin.logentry", "pk": 107, "fields": {"action_time": "2024-06-29T13:27:15.187Z", "user": 1, "content_type": 9, "object_id": "100", "object_repr": "Gilbert's entry on 2024-06-29 13:22:30.757549+00:00", "action_flag": 3, "change_message": ""}}, {"model": "admin.logentry", "pk": 108, "fields": {"action_time": "2024-06-29T13:27:15.187Z", "user": 1, "content_type": 9, "object_id": "99", "object_repr": "Gilbert's entry on 2024-06-29 13:22:08.802924+00:00", "action_flag": 3, "change_message": ""}}, {"model": "admin.logentry", "pk": 106, "fields": {"action_time": "2024-06-29T13:27:15.182Z", "user": 1, "content_type": 9, "object_id": "101", "object_repr": "Gilbert's entry on 2024-06-29 13:22:36.374129+00:00", "action_flag": 3, "change_message": ""}}, {"model": "admin.logentry", "pk": 105, "fields": {"action_time": "2024-06-29T13:27:15.177Z", "user": 1, "content_type": 9, "object_id": "102", "object_repr": "Gilbert's entry on 2024-06-29 13:25:11.440514+00:00", "action_flag": 3, "change_message": ""}}, {"model": "admin.logentry", "pk": 103, "fields": {"action_time": "2024-06-29T13:27:15.170Z", "user": 1, "content_type": 9, "object_id": "104", "object_repr": "Gilbert's entry on 2024-06-29 13:25:32.230734+00:00", "action_flag": 3, "change_message": ""}}, {"model": "admin.logentry", "pk": 104, "fields": {"action_time": "2024-06-29T13:27:15.170Z", "user": 1, "content_type": 9, "object_id": "103", "object_repr": "Gilbert's entry on 2024-06-29 13:25:17.147557+00:00", "action_flag": 3, "change_message": ""}}, {"model": "admin.logentry", "pk": 102, "fields": {"action_time": "2024-06-29T13:27:15.167Z", "user": 1, "content_type": 9, "object_id": "105", "object_repr": "Gilbert's entry on 2024-06-29 13:25:35.958666+00:00", "action_flag": 3, "change_message": ""}}, {"model": "admin.logentry", "pk": 101, "fields": {"action_time": "2024-06-29T13:27:15.160Z", "user": 1, "content_type": 9, "object_id": "106", "object_repr": "Gilbert's entry on 2024-06-29 13:25:44.242837+00:00", "action_flag": 3, "change_message": ""}}, {"model": "admin.logentry", "pk": 100, "fields": {"action_time": "2024-06-29T13:27:15.159Z", "user": 1, "content_type": 9, "object_id": "107", "object_repr": "Gilbert's entry on 2024-06-29 13:25:50.237525+00:00", "action_flag": 3, "change_message": ""}}, {"model": "admin.logentry", "pk": 99, "fields": {"action_time": "2024-06-29T13:27:15.153Z", "user": 1, "content_type": 9, "object_id": "108", "object_repr": "Gilbert's entry on 2024-06-29 13:26:12.938801+00:00", "action_flag": 3, "change_message": ""}}, {"model": "admin.logentry", "pk": 98, "fields": {"action_time": "2024-06-29T13:27:15.148Z", "user": 1, "content_type": 9, "object_id": "109", "object_repr": "Gilbert's entry on 2024-06-29 13:26:16.724045+00:00", "action_flag": 3, "change_message": ""}}, {"model": "admin.logentry", "pk": 97, "fields": {"action_time": "2024-06-29T13:27:15.147Z", "user": 1, "content_type": 9, "object_id": "110", "object_repr": "Gilbert's entry on 2024-06-29 13:26:29.627724+00:00", "action_flag": 3, "change_message": ""}}, {"model": "admin.logentry", "pk": 96, "fields": {"action_time": "2024-06-29T13:27:15.143Z", "user": 1, "content_type": 9, "object_id": "111", "object_repr": "Gilbert's entry on 2024-06-29 13:26:41.077631+00:00", "action_flag": 3, "change_message": ""}}, {"model": "admin.logentry", "pk": 95, "fields": {"action_time": "2024-06-29T13:27:15.128Z", "user": 1, "content_type": 9, "object_id": "112", "object_repr": "Gilbert's entry on 2024-06-29 13:26:50.347260+00:00", "action_flag": 3, "change_message": ""}}, {"model": "admin.logentry", "pk": 94, "fields": {"action_time": "2024-06-29T13:21:47.025Z", "user": 1, "content_type": 9, "object_id": "62", "object_repr": "Gilbert's entry on 2024-06-29 12:32:20.948658+00:00", "action_flag": 3, "change_message": ""}}, {"model": "admin.logentry", "pk": 93, "fields": {"action_time": "2024-06-29T13:21:47.019Z", "user": 1, "content_type": 9, "object_id": "63", "object_repr": "Gilbert's entry on 2024-06-29 12:37:29.008305+00:00", "action_flag": 3, "change_message": ""}}, {"model": "admin.logentry", "pk": 92, "fields": {"action_time": "2024-06-29T13:21:46.993Z", "user": 1, "content_type": 9, "object_id": "64", "object_repr": "Gilbert's entry on 2024-06-29 12:54:33.562937+00:00", "action_flag": 3, "change_message": ""}}, {"model": "admin.logentry", "pk": 91, "fields": {"action_time": "2024-06-29T13:21:46.960Z", "user": 1, "content_type": 9, "object_id": "65", "object_repr": "Gilbert's entry on 2024-06-29 12:54:38.463350+00:00", "action_flag": 3, "change_message": ""}}, {"model": "admin.logentry", "pk": 90, "fields": {"action_time": "2024-06-29T13:21:46.926Z", "user": 1, "content_type": 9, "object_id": "66", "object_repr": "Gilbert's entry on 2024-06-29 13:01:44.962830+00:00", "action_flag": 3, "change_message": ""}}, {"model": "admin.logentry", "pk": 89, "fields": {"action_time": "2024-06-29T13:21:46.889Z", "user": 1, "content_type": 9, "object_id": "67", "object_repr": "Gilbert's entry on 2024-06-29 13:04:37.729890+00:00", "action_flag": 3, "change_message": ""}}, {"model": "admin.logentry", "pk": 88, "fields": {"action_time": "2024-06-29T13:21:46.852Z", "user": 1, "content_type": 9, "object_id": "68", "object_repr": "Gilbert's entry on 2024-06-29 13:05:37.153402+00:00", "action_flag": 3, "change_message": ""}}, {"model": "admin.logentry", "pk": 87, "fields": {"action_time": "2024-06-29T13:21:46.836Z", "user": 1, "content_type": 9, "object_id": "69", "object_repr": "Gilbert's entry on 2024-06-29 13:05:51.308699+00:00", "action_flag": 3, "change_message": ""}}, {"model": "admin.logentry", "pk": 86, "fields": {"action_time": "2024-06-29T13:21:46.815Z", "user": 1, "content_type": 9, "object_id": "70", "object_repr": "Gilbert's entry on 2024-06-29 13:06:16.773149+00:00", "action_flag": 3, "change_message": ""}}, {"model": "admin.logentry", "pk": 85, "fields": {"action_time": "2024-06-29T13:21:46.812Z", "user": 1, "content_type": 9, "object_id": "71", "object_repr": "Gilbert's entry on 2024-06-29 13:06:24.217689+00:00", "action_flag": 3, "change_message": ""}}, {"model": "admin.logentry", "pk": 84, "fields": {"action_time": "2024-06-29T13:21:46.781Z", "user": 1, "content_type": 9, "object_id": "72", "object_repr": "Gilbert's entry on 2024-06-29 13:06:42.752786+00:00", "action_flag": 3, "change_message": ""}}, {"model": "admin.logentry", "pk": 83, "fields": {"action_time": "2024-06-29T13:21:46.755Z", "user": 1, "content_type": 9, "object_id": "73", "object_repr": "Gilbert's entry on 2024-06-29 13:07:23.047884+00:00", "action_flag": 3, "change_message": ""}}, {"model": "admin.logentry", "pk": 82, "fields": {"action_time": "2024-06-29T13:21:46.746Z", "user": 1, "content_type": 9, "object_id": "74", "object_repr": "Gilbert's entry on 2024-06-29 13:09:28.895029+00:00", "action_flag": 3, "change_message": ""}}, {"model": "admin.logentry", "pk": 81, "fields": {"action_time": "2024-06-29T13:21:46.736Z", "user": 1, "content_type": 9, "object_id": "75", "object_repr": "Gilbert's entry on 2024-06-29 13:12:23.558014+00:00", "action_flag": 3, "change_message": ""}}, {"model": "admin.logentry", "pk": 80, "fields": {"action_time": "2024-06-29T13:21:46.709Z", "user": 1, "content_type": 9, "object_id": "76", "object_repr": "Gilbert's entry on 2024-06-29 13:12:30.077665+00:00", "action_flag": 3, "change_message": ""}}, {"model": "admin.logentry", "pk": 79, "fields": {"action_time": "2024-06-29T13:21:46.678Z", "user": 1, "content_type": 9, "object_id": "77", "object_repr": "Gilbert's entry on 2024-06-29 13:16:49.322906+00:00", "action_flag": 3, "change_message": ""}}, {"model": "admin.logentry", "pk": 78, "fields": {"action_time": "2024-06-29T13:21:46.662Z", "user": 1, "content_type": 9, "object_id": "78", "object_repr": "Gilbert's entry on 2024-06-29 13:17:12.212479+00:00", "action_flag": 3, "change_message": ""}}, {"model": "admin.logentry", "pk": 77, "fields": {"action_time": "2024-06-29T13:21:46.643Z", "user": 1, "content_type": 9, "object_id": "79", "object_repr": "Gilbert's entry on 2024-06-29 13:17:38.642546+00:00", "action_flag": 3, "change_message": ""}}, {"model": "admin.logentry", "pk": 76, "fields": {"action_time": "2024-06-29T13:21:46.602Z", "user": 1, "content_type": 9, "object_id": "80", "object_repr": "Gilbert's entry on 2024-06-29 13:17:44.241895+00:00", "action_flag": 3, "change_message": ""}}, {"model": "admin.logentry", "pk": 75, "fields": {"action_time": "2024-06-29T13:21:46.582Z", "user": 1, "content_type": 9, "object_id": "81", "object_repr": "Gilbert's entry on 2024-06-29 13:17:57.442662+00:00", "action_flag": 3, "change_message": ""}}, {"model": "admin.logentry", "pk": 74, "fields": {"action_time": "2024-06-29T13:21:46.564Z", "user": 1, "content_type": 9, "object_id": "82", "object_repr": "Gilbert's entry on 2024-06-29 13:18:03.197834+00:00", "action_flag": 3, "change_message": ""}}, {"model": "admin.logentry", "pk": 73, "fields": {"action_time": "2024-06-29T13:21:46.560Z", "user": 1, "content_type": 9, "object_id": "83", "object_repr": "Gilbert's entry on 2024-06-29 13:18:07.520703+00:00", "action_flag": 3, "change_message": ""}}, {"model": "admin.logentry", "pk": 72, "fields": {"action_time": "2024-06-29T13:21:46.558Z", "user": 1, "content_type": 9, "object_id": "84", "object_repr": "Gilbert's entry on 2024-06-29 13:18:13.567501+00:00", "action_flag": 3, "change_message": ""}}, {"model": "admin.logentry", "pk": 71, "fields": {"action_time": "2024-06-29T13:21:46.553Z", "user": 1, "content_type": 9, "object_id": "85", "object_repr": "Gilbert's entry on 2024-06-29 13:18:21.164678+00:00", "action_flag": 3, "change_message": ""}}, {"model": "admin.logentry", "pk": 70, "fields": {"action_time": "2024-06-29T13:21:46.548Z", "user": 1, "content_type": 9, "object_id": "86", "object_repr": "Gilbert's entry on 2024-06-29 13:18:27.308212+00:00", "action_flag": 3, "change_message": ""}}, {"model": "admin.logentry", "pk": 69, "fields": {"action_time": "2024-06-29T13:21:46.544Z", "user": 1, "content_type": 9, "object_id": "87", "object_repr": "Gilbert's entry on 2024-06-29 13:18:34.847425+00:00", "action_flag": 3, "change_message": ""}}, {"model": "admin.logentry", "pk": 68, "fields": {"action_time": "2024-06-29T13:21:46.511Z", "user": 1, "content_type": 9, "object_id": "88", "object_repr": "Gilbert's entry on 2024-06-29 13:18:51.082720+00:00", "action_flag": 3, "change_message": ""}}, {"model": "admin.logentry", "pk": 67, "fields": {"action_time": "2024-06-29T13:21:46.493Z", "user": 1, "content_type": 9, "object_id": "89", "object_repr": "Gilbert's entry on 2024-06-29 13:18:55.997448+00:00", "action_flag": 3, "change_message": ""}}, {"model": "admin.logentry", "pk": 66, "fields": {"action_time": "2024-06-29T13:21:46.471Z", "user": 1, "content_type": 9, "object_id": "90", "object_repr": "Gilbert's entry on 2024-06-29 13:19:06.443023+00:00", "action_flag": 3, "change_message": ""}}, {"model": "admin.logentry", "pk": 65, "fields": {"action_time": "2024-06-29T13:21:46.442Z", "user": 1, "content_type": 9, "object_id": "91", "object_repr": "Gilbert's entry on 2024-06-29 13:20:06.587956+00:00", "action_flag": 3, "change_message": ""}}, {"model": "admin.logentry", "pk": 64, "fields": {"action_time": "2024-06-29T13:21:46.440Z", "user": 1, "content_type": 9, "object_id": "92", "object_repr": "Gilbert's entry on 2024-06-29 13:20:12.843188+00:00", "action_flag": 3, "change_message": ""}}, {"model": "admin.logentry", "pk": 63, "fields": {"action_time": "2024-06-29T13:21:46.436Z", "user": 1, "content_type": 9, "object_id": "93", "object_repr": "Gilbert's entry on 2024-06-29 13:20:18.157621+00:00", "action_flag": 3, "change_message": ""}}, {"model": "admin.logentry", "pk": 62, "fields": {"action_time": "2024-06-29T13:21:46.432Z", "user": 1, "content_type": 9, "object_id": "94", "object_repr": "Gilbert's entry on 2024-06-29 13:20:28.087746+00:00", "action_flag": 3, "change_message": ""}}, {"model": "admin.logentry", "pk": 61, "fields": {"action_time": "2024-06-29T13:21:46.429Z", "user": 1, "content_type": 9, "object_id": "95", "object_repr": "Gilbert's entry on 2024-06-29 13:20:42.207882+00:00", "action_flag": 3, "change_message": ""}}, {"model": "admin.logentry", "pk": 60, "fields": {"action_time": "2024-06-29T13:21:46.425Z", "user": 1, "content_type": 9, "object_id": "96", "object_repr": "Gilbert's entry on 2024-06-29 13:21:20.870323+00:00", "action_flag": 3, "change_message": ""}}, {"model": "admin.logentry", "pk": 59, "fields": {"action_time": "2024-06-29T13:21:46.420Z", "user": 1, "content_type": 9, "object_id": "97", "object_repr": "Gilbert's entry on 2024-06-29 13:21:27.377523+00:00", "action_flag": 3, "change_message": ""}}, {"model": "admin.logentry", "pk": 58, "fields": {"action_time": "2024-06-29T12:32:11.887Z", "user": 1, "content_type": 9, "object_id": "57", "object_repr": "Gilbert's entry on 2024-06-29 12:31:07.952060+00:00", "action_flag": 3, "change_message": ""}}, {"model": "admin.logentry", "pk": 57, "fields": {"action_time": "2024-06-29T12:32:11.883Z", "user": 1, "content_type": 9, "object_id": "58", "object_repr": "Gilbert's entry on 2024-06-29 12:31:22.215025+00:00", "action_flag": 3, "change_message": ""}}, {"model": "admin.logentry", "pk": 56, "fields": {"action_time": "2024-06-29T12:32:11.880Z", "user": 1, "content_type": 9, "object_id": "59", "object_repr": "Gilbert's entry on 2024-06-29 12:31:34.390753+00:00", "action_flag": 3, "change_message": ""}}, {"model": "admin.logentry", "pk": 55, "fields": {"action_time": "2024-06-29T12:32:11.875Z", "user": 1, "content_type": 9, "object_id": "60", "object_repr": "Gilbert's entry on 2024-06-29 12:31:46.014040+00:00", "action_flag": 3, "change_message": ""}}, {"model": "admin.logentry", "pk": 54, "fields": {"action_time": "2024-06-29T12:32:11.870Z", "user": 1, "content_type": 9, "object_id": "61", "object_repr": "Gilbert's entry on 2024-06-29 12:31:56.798326+00:00", "action_flag": 3, "change_message": ""}}, {"model": "admin.logentry", "pk": 53, "fields": {"action_time": "2024-06-29T12:30:57.444Z", "user": 1, "content_type": 9, "object_id": "51", "object_repr": "Gilbert's entry on 2024-06-29 12:29:19.648792+00:00", "action_flag": 3, "change_message": ""}}, {"model": "admin.logentry", "pk": 51, "fields": {"action_time": "2024-06-29T12:30:57.439Z", "user": 1, "content_type": 9, "object_id": "53", "object_repr": "Gilbert's entry on 2024-06-29 12:30:06.892240+00:00", "action_flag": 3, "change_message": ""}}, {"model": "admin.logentry", "pk": 52, "fields": {"action_time": "2024-06-29T12:30:57.439Z", "user": 1, "content_type": 9, "object_id": "52", "object_repr": "Gilbert's entry on 2024-06-29 12:29:46.263897+00:00", "action_flag": 3, "change_message": ""}}, {"model": "admin.logentry", "pk": 50, "fields": {"action_time": "2024-06-29T12:30:57.437Z", "user": 1, "content_type": 9, "object_id": "54", "object_repr": "Gilbert's entry on 2024-06-29 12:30:29.747578+00:00", "action_flag": 3, "change_message": ""}}, {"model": "admin.logentry", "pk": 49, "fields": {"action_time": "2024-06-29T12:30:57.434Z", "user": 1, "content_type": 9, "object_id": "55", "object_repr": "Gilbert's entry on 2024-06-29 12:30:34.916944+00:00", "action_flag": 3, "change_message": ""}}, {"model": "admin.logentry", "pk": 48, "fields": {"action_time": "2024-06-29T12:30:57.423Z", "user": 1, "content_type": 9, "object_id": "56", "object_repr": "Gilbert's entry on 2024-06-29 12:30:41.643911+00:00", "action_flag": 3, "change_message": ""}}, {"model": "admin.logentry", "pk": 47, "fields": {"action_time": "2024-06-29T12:28:48.783Z", "user": 1, "content_type": 9, "object_id": "48", "object_repr": "Gilbert's entry on 2024-06-29 12:27:22.268560+00:00", "action_flag": 3, "change_message": ""}}, {"model": "admin.logentry", "pk": 46, "fields": {"action_time": "2024-06-29T12:28:48.780Z", "user": 1, "content_type": 9, "object_id": "49", "object_repr": "Gilbert's entry on 2024-06-29 12:27:42.457576+00:00", "action_flag": 3, "change_message": ""}}, {"model": "admin.logentry", "pk": 45, "fields": {"action_time": "2024-06-29T12:28:48.776Z", "user": 1, "content_type": 9, "object_id": "50", "object_repr": "Gilbert's entry on 2024-06-29 12:28:17.291186+00:00", "action_flag": 3, "change_message": ""}}, {"model": "admin.logentry", "pk": 44, "fields": {"action_time": "2024-06-29T12:27:07.556Z", "user": 1, "content_type": 9, "object_id": "2", "object_repr": "Ikirezi's entry on 2024-06-28 07:38:54.347728+00:00", "action_flag": 3, "change_message": ""}}, {"model": "admin.logentry", "pk": 43, "fields": {"action_time": "2024-06-29T12:27:07.522Z", "user": 1, "content_type": 9, "object_id": "4", "object_repr": "Ikirezi's entry on 2024-06-28 07:45:36.646334+00:00", "action_flag": 3, "change_message": ""}}, {"model": "admin.logentry", "pk": 42, "fields": {"action_time": "2024-06-29T12:27:07.488Z", "user": 1, "content_type": 9, "object_id": "5", "object_repr": "Ikirezi's entry on 2024-06-28 07:45:49.821346+00:00", "action_flag": 3, "change_message": ""}}, {"model": "admin.logentry", "pk": 41, "fields": {"action_time": "2024-06-29T12:27:07.455Z", "user": 1, "content_type": 9, "object_id": "6", "object_repr": "Ikirezi's entry on 2024-06-28 09:24:07.741352+00:00", "action_flag": 3, "change_message": ""}}, {"model": "admin.logentry", "pk": 40, "fields": {"action_time": "2024-06-29T12:27:07.415Z", "user": 1, "content_type": 9, "object_id": "7", "object_repr": "Ikirezi's entry on 2024-06-28 09:24:20.362900+00:00", "action_flag": 3, "change_message": ""}}, {"model": "admin.logentry", "pk": 39, "fields": {"action_time": "2024-06-29T12:27:07.392Z", "user": 1, "content_type": 9, "object_id": "8", "object_repr": "Gilbert's entry on 2024-06-28 09:40:30.524905+00:00", "action_flag": 3, "change_message": ""}}, {"model": "admin.logentry", "pk": 38, "fields": {"action_time": "2024-06-29T12:27:07.384Z", "user": 1, "content_type": 9, "object_id": "9", "object_repr": "Ikirezi's entry on 2024-06-28 10:11:45.987893+00:00", "action_flag": 3, "change_message": ""}}, {"model": "admin.logentry", "pk": 37, "fields": {"action_time": "2024-06-29T12:27:07.382Z", "user": 1, "content_type": 9, "object_id": "10", "object_repr": "Gilbert's entry on 2024-06-28 12:08:20.952573+00:00", "action_flag": 3, "change_message": ""}}, {"model": "admin.logentry", "pk": 35, "fields": {"action_time": "2024-06-29T12:27:07.374Z", "user": 1, "content_type": 9, "object_id": "12", "object_repr": "Gilbert's entry on 2024-06-29 08:08:35.486688+00:00", "action_flag": 3, "change_message": ""}}, {"model": "admin.logentry", "pk": 36, "fields": {"action_time": "2024-06-29T12:27:07.374Z", "user": 1, "content_type": 9, "object_id": "11", "object_repr": "Gilbert's entry on 2024-06-28 12:08:36.870295+00:00", "action_flag": 3, "change_message": ""}}, {"model": "admin.logentry", "pk": 34, "fields": {"action_time": "2024-06-29T12:27:07.370Z", "user": 1, "content_type": 9, "object_id": "13", "object_repr": "Ikirezi's entry on 2024-06-29 08:08:50.165959+00:00", "action_flag": 3, "change_message": ""}}, {"model": "admin.logentry", "pk": 33, "fields": {"action_time": "2024-06-29T12:27:07.366Z", "user": 1, "content_type": 9, "object_id": "24", "object_repr": "Gilbert's entry on 2024-06-29 12:05:29.138053+00:00", "action_flag": 3, "change_message": ""}}, {"model": "admin.logentry", "pk": 32, "fields": {"action_time": "2024-06-29T12:27:07.362Z", "user": 1, "content_type": 9, "object_id": "25", "object_repr": "Gilbert's entry on 2024-06-29 12:07:46.102924+00:00", "action_flag": 3, "change_message": ""}}, {"model": "admin.logentry", "pk": 31, "fields": {"action_time": "2024-06-29T12:27:07.357Z", "user": 1, "content_type": 9, "object_id": "26", "object_repr": "Gilbert's entry on 2024-06-29 12:07:52.738691+00:00", "action_flag": 3, "change_message": ""}}, {"model": "admin.logentry", "pk": 30, "fields": {"action_time": "2024-06-29T12:27:07.340Z", "user": 1, "content_type": 9, "object_id": "27", "object_repr": "Gilbert's entry on 2024-06-29 12:08:02.162733+00:00", "action_flag": 3, "change_message": ""}}, {"model": "admin.logentry", "pk": 29, "fields": {"action_time": "2024-06-29T12:27:07.306Z", "user": 1, "content_type": 9, "object_id": "28", "object_repr": "Gilbert's entry on 2024-06-29 12:08:20.662803+00:00", "action_flag": 3, "change_message": ""}}, {"model": "admin.logentry", "pk": 28, "fields": {"action_time": "2024-06-29T12:27:07.273Z", "user": 1, "content_type": 9, "object_id": "29", "object_repr": "Gilbert's entry on 2024-06-29 12:11:53.524923+00:00", "action_flag": 3, "change_message": ""}}, {"model": "admin.logentry", "pk": 27, "fields": {"action_time": "2024-06-29T12:27:07.239Z", "user": 1, "content_type": 9, "object_id": "30", "object_repr": "Gilbert's entry on 2024-06-29 12:12:31.478374+00:00", "action_flag": 3, "change_message": ""}}, {"model": "admin.logentry", "pk": 26, "fields": {"action_time": "2024-06-29T12:27:07.236Z", "user": 1, "content_type": 9, "object_id": "31", "object_repr": "Gilbert's entry on 2024-06-29 12:15:09.364368+00:00", "action_flag": 3, "change_message": ""}}, {"model": "admin.logentry", "pk": 25, "fields": {"action_time": "2024-06-29T12:27:07.232Z", "user": 1, "content_type": 9, "object_id": "32", "object_repr": "Gilbert's entry on 2024-06-29 12:19:03.048527+00:00", "action_flag": 3, "change_message": ""}}, {"model": "admin.logentry", "pk": 24, "fields": {"action_time": "2024-06-29T12:27:07.221Z", "user": 1, "content_type": 9, "object_id": "33", "object_repr": "Gilbert's entry on 2024-06-29 12:19:11.749213+00:00", "action_flag": 3, "change_message": ""}}, {"model": "admin.logentry", "pk": 23, "fields": {"action_time": "2024-06-29T12:27:07.216Z", "user": 1, "content_type": 9, "object_id": "34", "object_repr": "Gilbert's entry on 2024-06-29 12:19:45.128932+00:00", "action_flag": 3, "change_message": ""}}, {"model": "admin.logentry", "pk": 22, "fields": {"action_time": "2024-06-29T12:27:07.212Z", "user": 1, "content_type": 9, "object_id": "35", "object_repr": "Gilbert's entry on 2024-06-29 12:19:52.628129+00:00", "action_flag": 3, "change_message": ""}}, {"model": "admin.logentry", "pk": 21, "fields": {"action_time": "2024-06-29T12:27:07.207Z", "user": 1, "content_type": 9, "object_id": "36", "object_repr": "Gilbert's entry on 2024-06-29 12:19:59.367683+00:00", "action_flag": 3, "change_message": ""}}, {"model": "admin.logentry", "pk": 20, "fields": {"action_time": "2024-06-29T12:27:07.206Z", "user": 1, "content_type": 9, "object_id": "37", "object_repr": "Gilbert's entry on 2024-06-29 12:21:01.546273+00:00", "action_flag": 3, "change_message": ""}}, {"model": "admin.logentry", "pk": 19, "fields": {"action_time": "2024-06-29T12:27:07.202Z", "user": 1, "content_type": 9, "object_id": "38", "object_repr": "Gilbert's entry on 2024-06-29 12:21:11.132613+00:00", "action_flag": 3, "change_message": ""}}, {"model": "admin.logentry", "pk": 18, "fields": {"action_time": "2024-06-29T12:27:07.198Z", "user": 1, "content_type": 9, "object_id": "39", "object_repr": "Gilbert's entry on 2024-06-29 12:21:24.709009+00:00", "action_flag": 3, "change_message": ""}}, {"model": "admin.logentry", "pk": 17, "fields": {"action_time": "2024-06-29T12:27:07.193Z", "user": 1, "content_type": 9, "object_id": "40", "object_repr": "Gilbert's entry on 2024-06-29 12:21:33.910764+00:00", "action_flag": 3, "change_message": ""}}, {"model": "admin.logentry", "pk": 16, "fields": {"action_time": "2024-06-29T12:27:07.189Z", "user": 1, "content_type": 9, "object_id": "41", "object_repr": "Gilbert's entry on 2024-06-29 12:24:32.326977+00:00", "action_flag": 3, "change_message": ""}}, {"model": "admin.logentry", "pk": 15, "fields": {"action_time": "2024-06-29T12:27:07.187Z", "user": 1, "content_type": 9, "object_id": "42", "object_repr": "Gilbert's entry on 2024-06-29 12:24:43.972555+00:00", "action_flag": 3, "change_message": ""}}, {"model": "admin.logentry", "pk": 14, "fields": {"action_time": "2024-06-29T12:27:07.182Z", "user": 1, "content_type": 9, "object_id": "43", "object_repr": "Gilbert's entry on 2024-06-29 12:24:51.222590+00:00", "action_flag": 3, "change_message": ""}}, {"model": "admin.logentry", "pk": 13, "fields": {"action_time": "2024-06-29T12:27:07.177Z", "user": 1, "content_type": 9, "object_id": "44", "object_repr": "Gilbert's entry on 2024-06-29 12:24:59.852426+00:00", "action_flag": 3, "change_message": ""}}, {"model": "admin.logentry", "pk": 12, "fields": {"action_time": "2024-06-29T12:27:07.173Z", "user": 1, "content_type": 9, "object_id": "45", "object_repr": "Gilbert's entry on 2024-06-29 12:25:06.587789+00:00", "action_flag": 3, "change_message": ""}}, {"model": "admin.logentry", "pk": 11, "fields": {"action_time": "2024-06-29T12:27:07.172Z", "user": 1, "content_type": 9, "object_id": "46", "object_repr": "Gilbert's entry on 2024-06-29 12:25:18.435821+00:00", "action_flag": 3, "change_message": ""}}, {"model": "admin.logentry", "pk": 10, "fields": {"action_time": "2024-06-29T12:27:07.165Z", "user": 1, "content_type": 9, "object_id": "47", "object_repr": "Gilbert's entry on 2024-06-29 12:25:36.777921+00:00", "action_flag": 3, "change_message": ""}}, {"model": "admin.logentry", "pk": 9, "fields": {"action_time": "2024-06-27T07:36:38.407Z", "user": 1, "content_type": 11, "object_id": "9", "object_repr": "Gilbert", "action_flag": 3, "change_message": ""}}, {"model": "admin.logentry", "pk": 8, "fields": {"action_time": "2024-06-27T07:28:47.915Z", "user": 1, "content_type": 11, "object_id": "8", "object_repr": "Gilbert", "action_flag": 3, "change_message": ""}}, {"model": "admin.logentry", "pk": 7, "fields": {"action_time": "2024-06-27T07:26:45.854Z", "user": 1, "content_type": 11, "object_id": "7", "object_repr": "Gilbert", "action_flag": 3, "change_message": ""}}, {"model": "admin.logentry", "pk": 6, "fields": {"action_time": "2024-06-27T07:22:17.717Z", "user": 1, "content_type": 11, "object_id": "6", "object_repr": "Gilbert", "action_flag": 3, "change_message": ""}}, {"model": "admin.logentry", "pk": 5, "fields": {"action_time": "2024-06-26T12:29:36.667Z", "user": 1, "content_type": 11, "object_id": "5", "object_repr": "Gilbert", "action_flag": 3, "change_message": ""}}, {"model": "admin.logentry", "pk": 4, "fields": {"action_time": "2024-06-26T12:19:16.664Z", "user": 1, "content_type": 11, "object_id": "4", "object_repr": "Gilbert", "action_flag": 3, "change_message": ""}}, {"model": "admin.logentry", "pk": 3, "fields": {"action_time": "2024-06-26T12:11:25.653Z", "user": 1, "content_type": 11, "object_id": "2", "object_repr": "Gilbert", "action_flag": 3, "change_message": ""}}, {"model": "admin.logentry", "pk": 2, "fields": {"action_time": "2024-06-26T12:11:25.648Z", "user": 1, "content_type": 11, "object_id": "3", "object_repr": "Gilbert", "action_flag": 3, "change_message": ""}}, {"model": "admin.logentry", "pk": 1, "fields": {"action_time": "2024-06-26T12:04:55.904Z", "user": 1, "content_type": 11, "object_id": "1", "object_repr": "Gilbert", "action_flag": 3, "change_message": ""}}, {"model": "auth.permission", "pk": 1, "fields": {"name": "Can add log entry", "content_type": 1, "codename": "add_logentry"}}, {"model": "auth.permission", "pk": 2, "fields": {"name": "Can change log entry", "content_type": 1, "codename": "change_logentry"}}, {"model": "auth.permission", "pk": 3, "fields": {"name": "Can delete log entry", "content_type": 1, "codename": "delete_logentry"}}, {"model": "auth.permission", "pk": 4, "fields": {"name": "Can view log entry", "content_type": 1, "codename": "view_logentry"}}, {"model": "auth.permission", "pk": 9, "fields": {"name": "Can add group", "content_type": 3, "codename": "add_group"}}, {"model": "auth.permission", "pk": 10, "fields": {"name": "Can change group", "content_type": 3, "codename": "change_group"}}, {"model": "auth.permission", "pk": 11, "fields": {"name": "Can delete group", "content_type": 3, "codename": "delete_group"}}, {"model": "auth.permission", "pk": 12, "fields": {"name": "Can view group", "content_type": 3, "codename": "view_group"}}, {"model": "auth.permission", "pk": 5, "fields": {"name": "Can add permission", "content_type": 2, "codename": "add_permission"}}, {"model": "auth.permission", "pk": 6, "fields": {"name": "Can change permission", "content_type": 2, "codename": "change_permission"}}, {"model": "auth.permission", "pk": 7, "fields": {"name": "Can delete permission", "content_type": 2, "codename": "delete_permission"}}, {"model": "auth.permission", "pk": 8, "fields": {"name": "Can view permission", "content_type": 2, "codename": "view_permission"}}, {"model": "auth.permission", "pk": 13, "fields": {"name": "Can add user", "content_type": 4, "codename": "add_user"}}, {"model": "auth.permission", "pk": 14, "fields": {"name": "Can change user", "content_type": 4, "codename": "change_user"}}, {"model": "auth.permission", "pk": 15, "fields": {"name": "Can delete user", "content_type": 4, "codename": "delete_user"}}, {"model": "auth.permission", "pk": 16, "fields": {"name": "Can view user", "content_type": 4, "codename": "view_user"}}, {"model": "auth.permission", "pk": 17, "fields": {"name": "Can add content type", "content_type": 5, "codename": "add_contenttype"}}, {"model": "auth.permission", "pk": 18, "fields": {"name": "Can change content type", "content_type": 5, "codename": "change_contenttype"}}, {"model": "auth.permission", "pk": 19, "fields": {"name": "Can delete content type", "content_type": 5, "codename": "delete_contenttype"}}, {"model": "auth.permission", "pk": 20, "fields": {"name": "Can view content type", "content_type": 5, "codename": "view_contenttype"}}, {"model": "auth.permission", "pk": 33, "fields": {"name": "Can add entry", "content_type": 9, "codename": "add_entry"}}, {"model": "auth.permission", "pk": 34, "fields": {"name": "Can change entry", "content_type": 9, "codename": "change_entry"}}, {"model": "auth.permission", "pk": 35, "fields": {"name": "Can delete entry", "content_type": 9, "codename": "delete_entry"}}, {"model": "auth.permission", "pk": 36, "fields": {"name": "Can view entry", "content_type": 9, "codename": "view_entry"}}, {"model": "auth.permission", "pk": 49, "fields": {"name": "Can add exit record", "content_type": 13, "codename": "add_exitrecord"}}, {"model": "auth.permission", "pk": 50, "fields": {"name": "Can change exit record", "content_type": 13, "codename": "change_exitrecord"}}, {"model": "auth.permission", "pk": 51, "fields": {"name": "Can delete exit record", "content_type": 13, "codename": "delete_exitrecord"}}, {"model": "auth.permission", "pk": 52, "fields": {"name": "Can view exit record", "content_type": 13, "codename": "view_exitrecord"}}, {"model": "auth.permission", "pk": 29, "fields": {"name": "Can add laptop", "content_type": 8, "codename": "add_laptop"}}, {"model": "auth.permission", "pk": 30, "fields": {"name": "Can change laptop", "content_type": 8, "codename": "change_laptop"}}, {"model": "auth.permission", "pk": 31, "fields": {"name": "Can delete laptop", "content_type": 8, "codename": "delete_laptop"}}, {"model": "auth.permission", "pk": 32, "fields": {"name": "Can view laptop", "content_type": 8, "codename": "view_laptop"}}, {"model": "auth.permission", "pk": 45, "fields": {"name": "Can add notification", "content_type": 12, "codename": "add_notification"}}, {"model": "auth.permission", "pk": 46, "fields": {"name": "Can change notification", "content_type": 12, "codename": "change_notification"}}, {"model": "auth.permission", "pk": 47, "fields": {"name": "Can delete notification", "content_type": 12, "codename": "delete_notification"}}, {"model": "auth.permission", "pk": 48, "fields": {"name": "Can view notification", "content_type": 12, "codename": "view_notification"}}, {"model": "auth.permission", "pk": 41, "fields": {"name": "Can add person", "content_type": 11, "codename": "add_person"}}, {"model": "auth.permission", "pk": 42, "fields": {"name": "Can change person", "content_type": 11, "codename": "change_person"}}, {"model": "auth.permission", "pk": 43, "fields": {"name": "Can delete person", "content_type": 11, "codename": "delete_person"}}, {"model": "auth.permission", "pk": 44, "fields": {"name": "Can view person", "content_type": 11, "codename": "view_person"}}, {"model": "auth.permission", "pk": 25, "fields": {"name": "Can add students", "content_type": 7, "codename": "add_students"}}, {"model": "auth.permission", "pk": 26, "fields": {"name": "Can change students", "content_type": 7, "codename": "change_students"}}, {"model": "auth.permission", "pk": 27, "fields": {"name": "Can delete students", "content_type": 7, "codename": "delete_students"}}, {"model": "auth.permission", "pk": 28, "fields": {"name": "Can view students", "content_type": 7, "codename": "view_students"}}, {"model": "auth.permission", "pk": 37, "fields": {"name": "Can add user profile", "content_type": 10, "codename": "add_userprofile"}}, {"model": "auth.permission", "pk": 38, "fields": {"name": "Can change user profile", "content_type": 10, "codename": "change_userprofile"}}, {"model": "auth.permission", "pk": 39, "fields": {"name": "Can delete user profile", "content_type": 10, "codename": "delete_userprofile"}}, {"model": "auth.permission", "pk": 40, "fields": {"name": "Can view user profile", "content_type": 10, "codename": "view_userprofile"}}, {"model": "auth.permission", "pk": 21, "fields": {"name": "Can add session", "content_type": 6, "codename": "add_session"}}, {"model": "auth.permission", "pk": 22, "fields": {"name": "Can change session", "content_type": 6, "codename": "change_session"}}, {"model": "auth.permission", "pk": 23, "fields": {"name": "Can delete session", "content_type": 6, "codename": "delete_session"}}, {"model": "auth.permission", "pk": 24, "fields": {"name": "Can view session", "content_type": 6, "codename": "view_session"}}, {"model": "auth.user", "pk": 1, "fields": {"password": "pbkdf2_sha256$870000$3hMLPpvn8Y0klQV7tRooOf$6t0tAN/fkHjOgn3etTtYW8Jug8AAcJz20UK+kE6HJys=", "last_login": "2024-08-27T11:22:08.600Z", "is_superuser": true, "username": "emmg", "first_name": "", "last_name": "", "email": "julesbyiringiro5@gmail.com", "is_staff": true, "is_active": true, "date_joined": "2024-02-20T08:41:36.931Z", "groups": [], "user_permissions": []}}, {"model": "auth.user", "pk": 2, "fields": {"password": "pbkdf2_sha256$720000$MZOxYKCaBXGPnmX4CR2bVt$TgsuT7WFWPh8CMQIuFlzxXlpaahmWrFlUmK3fGvJVAE=", "last_login": "2024-06-28T08:12:49.320Z", "is_superuser": false, "username": "armand", "first_name": "", "last_name": "", "email": "armandikirezi@gmail.com", "is_staff": false, "is_active": true, "date_joined": "2024-06-28T08:12:49.045Z", "groups": [], "user_permissions": []}}, {"model": "auth.user", "pk": 5, "fields": {"password": "pbkdf2_sha256$870000$lXDUrorBT0NDLCNm2AaiRz$JPO14aB0dCVNmxZUyIZLW/QTMnhPW1XJL/E/Hk0sWxk=", "last_login": "2024-08-27T12:14:52.956Z", "is_superuser": true, "username": "jules", "first_name": "Gilbert", "last_name": "Byiringiro", "email": "julesbyiringiro5@gmail.com", "is_staff": true, "is_active": true, "date_joined": "2024-08-27T12:14:14.728Z", "groups": [], "user_permissions": []}}, {"model": "contenttypes.contenttype", "pk": 1, "fields": {"app_label": "admin", "model": "logentry"}}, {"model": "contenttypes.contenttype", "pk": 2, "fields": {"app_label": "auth", "model": "permission"}}, {"model": "contenttypes.contenttype", "pk": 3, "fields": {"app_label": "auth", "model": "group"}}, {"model": "contenttypes.contenttype", "pk": 4, "fields": {"app_label": "auth", "model": "user"}}, {"model": "contenttypes.contenttype", "pk": 5, "fields": {"app_label": "contenttypes", "model": "contenttype"}}, {"model": "contenttypes.contenttype", "pk": 6, "fields": {"app_label": "sessions", "model": "session"}}, {"model": "contenttypes.contenttype", "pk": 7, "fields": {"app_label": "core", "model": "students"}}, {"model": "contenttypes.contenttype", "pk": 8, "fields": {"app_label": "core", "model": "laptop"}}, {"model": "contenttypes.contenttype", "pk": 9, "fields": {"app_label": "core", "model": "entry"}}, {"model": "contenttypes.contenttype", "pk": 10, "fields": {"app_label": "core", "model": "userprofile"}}, {"model": "contenttypes.contenttype", "pk": 11, "fields": {"app_label": "core", "model": "person"}}, {"model": "contenttypes.contenttype", "pk": 12, "fields": {"app_label": "core", "model": "notification"}}, {"model": "contenttypes.contenttype", "pk": 13, "fields": {"app_label": "core", "model": "exitrecord"}}, {"model": "sessions.session", "pk": "le472txsh7bvi380lm7bdddspl0dl8j7", "fields": {"session_data": ".eJxVjMsOwiAQRf-FtSE8OlRcuvcbyAwDUjWQlHZl_HfbpAvd3nPOfYuA61LC2tMcJhYXocXpdyOMz1R3wA-s9yZjq8s8kdwVedAub43T63q4fwcFe9lqxS4Z43lwiAQGrB4sI2NMmgkUOWP9aCEjKc4-khkz0FlDdNbZzROfL_FuOHU:1rdX6d:WoGbNfMjU5iAkD5_SBHS5Ao9kpKOxmKQ7rTd18cN-rw", "expire_date": "2024-03-08T15:04:55.679Z"}}, {"model": "sessions.session", "pk": "pg5y6zv5it2migtu9m797e2zmlup3jv3", "fields": {"session_data": ".eJxVjMsOwiAQRf-FtSE8OlRcuvcbyAwDUjWQlHZl_HfbpAvd3nPOfYuA61LC2tMcJhYXocXpdyOMz1R3wA-s9yZjq8s8kdwVedAub43T63q4fwcFe9lqxS4Z43lwiAQGrB4sI2NMmgkUOWP9aCEjKc4-khkz0FlDdNbZzROfL_FuOHU:1rfE9y:kOV1fblS-rpSZzPBdOe5bQoLSYfwowgqkY58MO6TSiQ", "expire_date": "2024-03-13T07:15:22.181Z"}}, {"model": "sessions.session", "pk": "np2evhk9z4fh6s2o8drkp8t7vd970ag2", "fields": {"session_data": ".eJxVjMsOwiAQRf-FtSE8OlRcuvcbyAwDUjWQlHZl_HfbpAvd3nPOfYuA61LC2tMcJhYXocXpdyOMz1R3wA-s9yZjq8s8kdwVedAub43T63q4fwcFe9lqxS4Z43lwiAQGrB4sI2NMmgkUOWP9aCEjKc4-khkz0FlDdNbZzROfL_FuOHU:1rjKPE:uALUyWUAcFzRlR38TLXqHipzm_n5uYyUOTOtrZdWvLU", "expire_date": "2024-03-24T14:44:04.387Z"}}, {"model": "sessions.session", "pk": "bxx5d1nnghgdb8szwpmj7zk1sbq3jm80", "fields": {"session_data": ".eJxVjMsOwiAQRf-FtSE8OlRcuvcbyAwDUjWQlHZl_HfbpAvd3nPOfYuA61LC2tMcJhYXocXpdyOMz1R3wA-s9yZjq8s8kdwVedAub43T63q4fwcFe9lqxS4Z43lwiAQGrB4sI2NMmgkUOWP9aCEjKc4-khkz0FlDdNbZzROfL_FuOHU:1rmq0J:ihbryYLKNKjssLKVQSBwGAGmBnsoh5R-YJDvQxdaRBQ", "expire_date": "2024-04-03T07:04:51.102Z"}}, {"model": "sessions.session", "pk": "t4c7x3hw4pw2k3vpb4595ifox3gkfzh1", "fields": {"session_data": ".eJxVjMsOwiAQRf-FtSE8OlRcuvcbyAwDUjWQlHZl_HfbpAvd3nPOfYuA61LC2tMcJhYXocXpdyOMz1R3wA-s9yZjq8s8kdwVedAub43T63q4fwcFe9lqxS4Z43lwiAQGrB4sI2NMmgkUOWP9aCEjKc4-khkz0FlDdNbZzROfL_FuOHU:1rnDyI:AQlKJF6jYFnQWLlaW7iBMaMIQwqf0ZPz6-8xktT0Za0", "expire_date": "2024-04-04T08:40:22.875Z"}}, {"model": "sessions.session", "pk": "l19pyacs69cumo9hewh9pup5jdj5z2ic", "fields": {"session_data": ".eJxVjDsOwjAQBe_iGlm72FlsSnrOEO3HIQGUSHFSIe4OkVJA-2bmvVzL69K3ay1zO5g7O3SH301YH2XcgN15vE1ep3GZB_Gb4nda_XWy8rzs7t9Bz7X_1gmwEzjmhtBOHGMSJUjAJadsqgEIijUo2AXrCDkEEBVFyoWioLj3B9S5N-g:1sPHy9:Z37xjAPiySGhEih7mQ0EoK1xLcTccybqeFY4HEYiQBc", "expire_date": "2024-07-18T08:37:33.983Z"}}, {"model": "sessions.session", "pk": "eryfqjlnvccw6a3t2oo80n0gie6wqv9i", "fields": {"session_data": ".eJxVjDsOwyAQBe9CHSHWfLxOmd5nQAsLwUlkJGNXUe4eIblI2jcz7y08HXvxR0ubX1hcBYjL7xYoPtPaAT9ovVcZ67pvS5BdkSdtcq6cXrfT_Tso1EqvkZgzUTDJDjhOBiKhYoUOkEbjMiQbXJ6MA5cRlSZgGhQYFayeohafL_TkN5s:1sRWPx:zpU3v7DDDp_dS__ZnXi-vrJcwmW9vaqRVCg5ZgRD9m0", "expire_date": "2024-07-24T12:27:29.004Z"}}, {"model": "sessions.session", "pk": "y8jydrjy73t2qp7g5k0b5iupt4dz43qk", "fields": {"session_data": ".eJxVjDsOwyAQBe9CHSHWfLxOmd5nQAsLwUlkJGNXUe4eIblI2jcz7y08HXvxR0ubX1hcBYjL7xYoPtPaAT9ovVcZ67pvS5BdkSdtcq6cXrfT_Tso1EqvkZgzUTDJDjhOBiKhYoUOkEbjMiQbXJ6MA5cRlSZgGhQYFayeohafL_TkN5s:1sRWSJ:FYHgbLsSNJS7ZFRoQMswdipWxlc5Kc_jlUxjntA_Dk8", "expire_date": "2024-07-24T12:29:55.977Z"}}, {"model": "sessions.session", "pk": "2l2z7t8e7xctib4b2q0m2kpnr177cnie", "fields": {"session_data": ".eJxVjDsOwyAQBe9CHSHWfLxOmd5nQAsLwUlkJGNXUe4eIblI2jcz7y08HXvxR0ubX1hcBYjL7xYoPtPaAT9ovVcZ67pvS5BdkSdtcq6cXrfT_Tso1EqvkZgzUTDJDjhOBiKhYoUOkEbjMiQbXJ6MA5cRlSZgGhQYFayeohafL_TkN5s:1sRWaw:0ZQVdE6MRv2ut2baZIbnCdjLTF-dlEaGXIyUpLMPzyA", "expire_date": "2024-07-24T12:38:50.348Z"}}, {"model": "sessions.session", "pk": "ymm09m7bpxj5s0v0271khjfjntw6ov4f", "fields": {"session_data": ".eJxVjEEOwiAQRe_C2pABCxSX7nsGwjCDVA0kpV0Z765NutDtf-_9lwhxW0vYOi9hJnERSpx-N4zpwXUHdI_11mRqdV1mlLsiD9rl1Iif18P9Oyixl2-d0BMhZqezdUwODFgGHIdkGHx0lqLKbBUk7wa0Z2WBjR-JWZPO4MX7AwhwOGw:1sVW6a:OgEyToFMLV3KD2jGwO6UCmFW2BBrq8BBRVotpGjztZ8", "expire_date": "2024-08-04T12:56:00.166Z"}}, {"model": "sessions.session", "pk": "zqck4vk44ftwcocs0j58xitf7o5mygc0", "fields": {"session_data": ".eJxVjMEOwiAQRP-FsyFsEVk8eu83kC27SNXQpLQn47_bJj1oMqd5b-atIq1LiWuTOY6srsqp0283UHpK3QE_qN4nnaa6zOOgd0UftOl-YnndDvfvoFAr29oGa6yRzokVJoCEgMl5BoFwCcjoyLK3Athh9jk7FuMD5i0MZwjq8wXN2Ddr:1siv64:KuF3kC06Sm8aE_vICsCqif9LXCdjduhB-zMkii3Mzvs", "expire_date": "2024-09-10T12:14:52.972Z"}}, {"model": "core.person", "pk": 40, "fields": {"fname": "Muyirama Sezerano", "lname": "Liven", "card_id": "456ba992", "card_type": "student", "gender": "male", "img": "liven_v7GqDsj.jpg", "qr_code": "qrcodes/Muyirama Sezerano_456ba992.png", "city": "Kigali", "phone": "0781529832", "created": "2024-08-27T12:20:49.508Z", "updated": "2024-08-27T12:20:49.508Z", "serial_number": "pf4kyj2jPF9XB3823046", "brand": "lenovo"}}, {"model": "core.person", "pk": 39, "fields": {"fname": "Mugisha ", "lname": "Patrick", "card_id": "73yrewfjenf", "card_type": "student", "gender": "male", "img": "map_dK7GMqk.jpg", "qr_code": "qrcodes/Mugisha _73yrewfjenf.png", "city": "Kigali", "phone": "0781529839", "created": "2024-08-27T10:56:56.084Z", "updated": "2024-08-27T10:56:56.084Z", "serial_number": "252523", "brand": "lenovo"}}, {"model": "core.person", "pk": 38, "fields": {"fname": "Richard", "lname": "Twagirayezu", "card_id": "354e3992", "card_type": "student", "gender": "male", "img": "ziggy_0GlWxEM.jpg", "qr_code": "qrcodes/Richard_354e3992.png", "city": "Kigali", "phone": "0781529839", "created": "2024-08-23T10:29:31.964Z", "updated": "2024-08-27T09:35:38.280Z", "serial_number": "pf4kf3bqPF9XB3826093", "brand": "lenovo"}}, {"model": "core.person", "pk": 36, "fields": {"fname": "Gilbert", "lname": "Byiringiro", "card_id": "7262836y", "card_type": "staff", "gender": "female", "img": "pic_qiezXpV.jpg", "qr_code": "qrcodes/Gilbert_7262836y.png", "city": "Kigali", "phone": "0781529839", "created": "2024-08-22T17:14:08.597Z", "updated": "2024-08-22T17:14:08.597Z", "serial_number": "252523", "brand": "MAC BOOK"}}, {"model": "core.person", "pk": 35, "fields": {"fname": "Gilbert", "lname": "Byiringiro", "card_id": "da1ef89a", "card_type": "staff", "gender": "male", "img": "pic_LZkqmWc.jpg", "qr_code": "qrcodes/Gilbert_da1ef89a.png", "city": "Kigali", "phone": "0781529839", "created": "2024-08-22T17:11:26.405Z", "updated": "2024-08-22T17:11:26.405Z", "serial_number": "252523", "brand": "lenovo"}}, {"model": "core.userprofile", "pk": 1, "fields": {"user": 1, "profile_picture": "media/profile_pics/pic.jpg"}}, {"model": "core.userprofile", "pk": 2, "fields": {"user": 2, "profile_picture": ""}}, {"model": "core.userprofile", "pk": 5, "fields": {"user": 5, "profile_picture": "media/profile_pics/emm.jpg"}}, {"model": "core.notification", "pk": 334, "fields": {"user": 5, "message": "New Entry Created.", "timestamp": "2024-08-27T12:21:17.473Z"}}, {"model": "core.notification", "pk": 333, "fields": {"user": 1, "message": "New User created.", "timestamp": "2024-08-27T12:14:15.153Z"}}, {"model": "core.notification", "pk": 332, "fields": {"user": 1, "message": "User Deleted.", "timestamp": "2024-08-27T11:55:30.970Z"}}, {"model": "core.notification", "pk": 331, "fields": {"user": 1, "message": "User Deleted.", "timestamp": "2024-08-27T11:47:10.530Z"}}, {"model": "core.notification", "pk": 330, "fields": {"user": 1, "message": "Person Updated.", "timestamp": "2024-08-27T09:35:38.288Z"}}, {"model": "core.notification", "pk": 329, "fields": {"user": 1, "message": "Person Updated.", "timestamp": "2024-08-27T07:51:46.861Z"}}, {"model": "core.notification", "pk": 328, "fields": {"user": 1, "message": "New Entry Created.", "timestamp": "2024-08-23T10:21:05.727Z"}}, {"model": "core.notification", "pk": 327, "fields": {"user": 1, "message": "New Entry Created.", "timestamp": "2024-08-23T09:07:35.920Z"}}, {"model": "core.notification", "pk": 326, "fields": {"user": 1, "message": "New Entry Created.", "timestamp": "2024-08-23T09:07:31.587Z"}}, {"model": "core.notification", "pk": 325, "fields": {"user": 1, "message": "New Entry Created.", "timestamp": "2024-08-23T09:05:03.170Z"}}, {"model": "core.notification", "pk": 324, "fields": {"user": 1, "message": "New Entry Created.", "timestamp": "2024-08-23T09:04:29.104Z"}}, {"model": "core.notification", "pk": 323, "fields": {"user": 1, "message": "Person Deleted.", "timestamp": "2024-08-22T17:10:57.053Z"}}, {"model": "core.notification", "pk": 322, "fields": {"user": 1, "message": "Person Deleted.", "timestamp": "2024-08-22T17:06:04.345Z"}}, {"model": "core.notification", "pk": 321, "fields": {"user": 1, "message": "Person Deleted.", "timestamp": "2024-08-22T16:56:52.133Z"}}, {"model": "core.notification", "pk": 320, "fields": {"user": 1, "message": "Person Deleted.", "timestamp": "2024-08-22T16:51:41.332Z"}}, {"model": "core.notification", "pk": 319, "fields": {"user": 1, "message": "New person created.", "timestamp": "2024-08-22T16:32:22.438Z"}}, {"model": "core.notification", "pk": 318, "fields": {"user": 1, "message": "Person Deleted.", "timestamp": "2024-08-22T16:31:51.315Z"}}, {"model": "core.notification", "pk": 317, "fields": {"user": 1, "message": "New person created.", "timestamp": "2024-08-22T16:28:02.612Z"}}, {"model": "core.notification", "pk": 316, "fields": {"user": 1, "message": "Person Deleted.", "timestamp": "2024-08-22T16:27:29.145Z"}}, {"model": "core.notification", "pk": 315, "fields": {"user": 1, "message": "New person created.", "timestamp": "2024-08-22T16:15:12.660Z"}}, {"model": "core.notification", "pk": 314, "fields": {"user": 1, "message": "Person Deleted.", "timestamp": "2024-08-22T16:14:37.647Z"}}, {"model": "core.notification", "pk": 313, "fields": {"user": 1, "message": "New person created.", "timestamp": "2024-08-22T15:17:39.875Z"}}, {"model": "core.notification", "pk": 312, "fields": {"user": 1, "message": "New Entry Created.", "timestamp": "2024-08-22T12:57:55.531Z"}}, {"model": "core.notification", "pk": 311, "fields": {"user": 1, "message": "New Entry Created.", "timestamp": "2024-08-22T12:57:14.776Z"}}, {"model": "core.notification", "pk": 310, "fields": {"user": 1, "message": "New Entry Created.", "timestamp": "2024-08-13T16:43:56.228Z"}}, {"model": "core.notification", "pk": 309, "fields": {"user": 1, "message": "New Entry Created.", "timestamp": "2024-08-09T12:47:33.451Z"}}, {"model": "core.notification", "pk": 308, "fields": {"user": 1, "message": "New Entry Created.", "timestamp": "2024-08-09T12:47:27.083Z"}}, {"model": "core.notification", "pk": 307, "fields": {"user": 1, "message": "New Entry Created.", "timestamp": "2024-08-09T12:47:20.416Z"}}, {"model": "core.notification", "pk": 306, "fields": {"user": 1, "message": "New Entry Created.", "timestamp": "2024-08-09T12:47:00.832Z"}}, {"model": "core.notification", "pk": 305, "fields": {"user": 1, "message": "New Entry Created.", "timestamp": "2024-08-09T12:46:51.966Z"}}, {"model": "core.notification", "pk": 304, "fields": {"user": 1, "message": "New Entry Created.", "timestamp": "2024-08-09T12:45:54.382Z"}}, {"model": "core.notification", "pk": 303, "fields": {"user": 1, "message": "New Entry Created.", "timestamp": "2024-08-08T08:52:54.994Z"}}, {"model": "core.notification", "pk": 302, "fields": {"user": 1, "message": "New Entry Created.", "timestamp": "2024-08-08T08:52:32.546Z"}}, {"model": "core.notification", "pk": 301, "fields": {"user": 1, "message": "New Entry Created.", "timestamp": "2024-08-08T08:52:11.128Z"}}, {"model": "core.notification", "pk": 300, "fields": {"user": 1, "message": "New Entry Created.", "timestamp": "2024-08-08T08:52:00.078Z"}}, {"model": "core.notification", "pk": 299, "fields": {"user": 1, "message": "New Entry Created.", "timestamp": "2024-07-21T12:51:51.725Z"}}, {"model": "core.notification", "pk": 298, "fields": {"user": 1, "message": "New Entry Created.", "timestamp": "2024-07-21T12:51:30.854Z"}}, {"model": "core.notification", "pk": 297, "fields": {"user": 1, "message": "New Entry Created.", "timestamp": "2024-07-21T12:50:22.152Z"}}, {"model": "core.notification", "pk": 296, "fields": {"user": 1, "message": "New Entry Created.", "timestamp": "2024-07-21T12:50:12.711Z"}}, {"model": "core.notification", "pk": 295, "fields": {"user": 1, "message": "New Entry Created.", "timestamp": "2024-07-11T08:13:24.507Z"}}, {"model": "core.notification", "pk": 294, "fields": {"user": 1, "message": "New Entry Created.", "timestamp": "2024-07-11T08:13:12.976Z"}}, {"model": "core.notification", "pk": 293, "fields": {"user": 1, "message": "New Entry Created.", "timestamp": "2024-07-11T08:12:58.050Z"}}, {"model": "core.notification", "pk": 292, "fields": {"user": 1, "message": "New Entry Created.", "timestamp": "2024-07-10T16:56:38.430Z"}}, {"model": "core.notification", "pk": 291, "fields": {"user": 1, "message": "New Entry Created.", "timestamp": "2024-07-10T16:56:11.781Z"}}, {"model": "core.notification", "pk": 290, "fields": {"user": 1, "message": "New Entry Created.", "timestamp": "2024-07-10T16:56:06.873Z"}}, {"model": "core.notification", "pk": 289, "fields": {"user": 1, "message": "New Entry Created.", "timestamp": "2024-07-10T16:56:02.107Z"}}, {"model": "core.notification", "pk": 288, "fields": {"user": 1, "message": "New Entry Created.", "timestamp": "2024-07-10T16:55:57.347Z"}}, {"model": "core.notification", "pk": 287, "fields": {"user": 1, "message": "New Entry Created.", "timestamp": "2024-07-10T16:55:52.051Z"}}, {"model": "core.notification", "pk": 286, "fields": {"user": 1, "message": "New Entry Created.", "timestamp": "2024-07-10T16:55:29.008Z"}}, {"model": "core.notification", "pk": 285, "fields": {"user": 1, "message": "New Entry Created.", "timestamp": "2024-07-10T16:55:12.866Z"}}, {"model": "core.notification", "pk": 284, "fields": {"user": 1, "message": "New Entry Created.", "timestamp": "2024-07-10T16:54:54.993Z"}}, {"model": "core.notification", "pk": 283, "fields": {"user": 1, "message": "New Entry Created.", "timestamp": "2024-07-10T16:54:28.327Z"}}, {"model": "core.notification", "pk": 282, "fields": {"user": 1, "message": "New Entry Created.", "timestamp": "2024-07-10T16:53:22.760Z"}}, {"model": "core.notification", "pk": 281, "fields": {"user": 1, "message": "New Entry Created.", "timestamp": "2024-07-10T16:53:09.903Z"}}, {"model": "core.notification", "pk": 280, "fields": {"user": 1, "message": "Person Updated.", "timestamp": "2024-07-10T16:51:28.111Z"}}, {"model": "core.notification", "pk": 279, "fields": {"user": 1, "message": "New person created.", "timestamp": "2024-07-10T16:50:16.729Z"}}, {"model": "core.notification", "pk": 278, "fields": {"user": 1, "message": "New Entry Created.", "timestamp": "2024-07-10T12:41:09.721Z"}}, {"model": "core.notification", "pk": 277, "fields": {"user": 1, "message": "New Entry Created.", "timestamp": "2024-07-10T12:40:59.605Z"}}, {"model": "core.notification", "pk": 276, "fields": {"user": 1, "message": "New Entry Created.", "timestamp": "2024-07-10T12:40:49.463Z"}}, {"model": "core.notification", "pk": 275, "fields": {"user": 1, "message": "New Entry Created.", "timestamp": "2024-07-10T12:40:39.288Z"}}, {"model": "core.notification", "pk": 274, "fields": {"user": 1, "message": "New Entry Created.", "timestamp": "2024-07-10T12:40:31.570Z"}}, {"model": "core.notification", "pk": 273, "fields": {"user": 1, "message": "New Entry Created.", "timestamp": "2024-07-10T12:40:12.772Z"}}, {"model": "core.notification", "pk": 272, "fields": {"user": 1, "message": "New Entry Created.", "timestamp": "2024-07-10T12:39:59.992Z"}}, {"model": "core.notification", "pk": 271, "fields": {"user": 1, "message": "New Entry Created.", "timestamp": "2024-07-10T12:39:55.356Z"}}, {"model": "core.notification", "pk": 270, "fields": {"user": 1, "message": "New Entry Created.", "timestamp": "2024-07-10T12:39:51.298Z"}}, {"model": "core.notification", "pk": 267, "fields": {"user": 1, "message": "New Entry Created.", "timestamp": "2024-07-10T12:36:39.551Z"}}, {"model": "core.notification", "pk": 266, "fields": {"user": 1, "message": "New Entry Created.", "timestamp": "2024-07-10T12:36:35.057Z"}}, {"model": "core.notification", "pk": 265, "fields": {"user": 1, "message": "New User created.", "timestamp": "2024-07-10T12:33:59.980Z"}}, {"model": "core.notification", "pk": 264, "fields": {"user": 1, "message": "New User created.", "timestamp": "2024-07-10T12:33:28.940Z"}}, {"model": "core.notification", "pk": 263, "fields": {"user": 1, "message": "New Entry Created.", "timestamp": "2024-07-10T12:32:15.471Z"}}, {"model": "core.notification", "pk": 262, "fields": {"user": 1, "message": "New Entry Created.", "timestamp": "2024-07-10T12:32:03.367Z"}}, {"model": "core.notification", "pk": 261, "fields": {"user": 1, "message": "New Entry Created.", "timestamp": "2024-07-10T12:31:54.611Z"}}, {"model": "core.notification", "pk": 260, "fields": {"user": 1, "message": "New Entry Created.", "timestamp": "2024-07-10T12:31:41.389Z"}}, {"model": "core.notification", "pk": 259, "fields": {"user": 1, "message": "New Entry Created.", "timestamp": "2024-07-10T12:31:37.600Z"}}, {"model": "core.notification", "pk": 258, "fields": {"user": 1, "message": "New Entry Created.", "timestamp": "2024-07-10T12:31:20.603Z"}}, {"model": "core.notification", "pk": 257, "fields": {"user": 1, "message": "New Entry Created.", "timestamp": "2024-07-10T12:31:13.712Z"}}, {"model": "core.notification", "pk": 256, "fields": {"user": 1, "message": "New Entry Created.", "timestamp": "2024-07-10T12:30:56.803Z"}}, {"model": "core.notification", "pk": 255, "fields": {"user": 1, "message": "New Entry Created.", "timestamp": "2024-07-10T12:30:52.822Z"}}, {"model": "core.notification", "pk": 254, "fields": {"user": 1, "message": "New Entry Created.", "timestamp": "2024-07-10T12:27:36.608Z"}}, {"model": "core.notification", "pk": 253, "fields": {"user": 1, "message": "New Entry Created.", "timestamp": "2024-07-10T12:27:08.323Z"}}, {"model": "core.notification", "pk": 252, "fields": {"user": 1, "message": "New Entry Created.", "timestamp": "2024-07-10T12:27:02.830Z"}}, {"model": "core.notification", "pk": 251, "fields": {"user": 1, "message": "New Entry Created.", "timestamp": "2024-07-10T12:08:44.906Z"}}, {"model": "core.notification", "pk": 250, "fields": {"user": 1, "message": "New Entry Created.", "timestamp": "2024-07-10T12:06:40.838Z"}}, {"model": "core.notification", "pk": 249, "fields": {"user": 1, "message": "New Entry Created.", "timestamp": "2024-07-10T12:06:33.246Z"}}, {"model": "core.notification", "pk": 248, "fields": {"user": 1, "message": "New Entry Created.", "timestamp": "2024-07-10T12:06:26.492Z"}}, {"model": "core.notification", "pk": 247, "fields": {"user": 1, "message": "New Entry Created.", "timestamp": "2024-07-10T12:06:18.414Z"}}, {"model": "core.notification", "pk": 246, "fields": {"user": 1, "message": "New person created.", "timestamp": "2024-07-10T12:05:26.004Z"}}, {"model": "core.notification", "pk": 245, "fields": {"user": 1, "message": "New person created.", "timestamp": "2024-07-10T12:04:08.788Z"}}, {"model": "core.notification", "pk": 244, "fields": {"user": 1, "message": "New person created.", "timestamp": "2024-07-10T12:02:25.853Z"}}, {"model": "core.notification", "pk": 243, "fields": {"user": 1, "message": "New Entry Created.", "timestamp": "2024-07-10T11:58:43.970Z"}}, {"model": "core.notification", "pk": 242, "fields": {"user": 1, "message": "New Entry Created.", "timestamp": "2024-07-10T11:58:32.746Z"}}, {"model": "core.notification", "pk": 241, "fields": {"user": 1, "message": "New person created.", "timestamp": "2024-07-10T11:58:11.182Z"}}, {"model": "core.notification", "pk": 240, "fields": {"user": 1, "message": "New person created.", "timestamp": "2024-07-10T11:53:41.638Z"}}, {"model": "core.entry", "pk": 295, "fields": {"person": 35, "card_id": "da1ef89a", "entry_date": "2024-08-23T09:04:29.088Z"}}, {"model": "core.entry", "pk": 296, "fields": {"person": 35, "card_id": "da1ef89a", "entry_date": "2024-08-23T09:05:03.154Z"}}, {"model": "core.entry", "pk": 297, "fields": {"person": 35, "card_id": "da1ef89a", "entry_date": "2024-08-23T09:07:31.561Z"}}, {"model": "core.entry", "pk": 298, "fields": {"person": 35, "card_id": "da1ef89a", "entry_date": "2024-08-23T09:07:35.897Z"}}, {"model": "core.entry", "pk": 300, "fields": {"person": 40, "card_id": "456ba992", "entry_date": "2024-08-27T12:21:17.456Z"}}, {"model": "core.exitrecord", "pk": 1, "fields": {"person": 38, "exit_time": "2024-08-27T08:24:03.728Z"}}, {"model": "core.exitrecord", "pk": 2, "fields": {"person": 38, "exit_time": "2024-08-27T08:24:15.414Z"}}, {"model": "core.exitrecord", "pk": 3, "fields": {"person": 38, "exit_time": "2024-08-27T08:26:31.001Z"}}, {"model": "core.exitrecord", "pk": 4, "fields": {"person": 38, "exit_time": "2024-08-27T08:26:52.234Z"}}, {"model": "core.exitrecord", "pk": 5, "fields": {"person": 38, "exit_time": "2024-08-27T08:27:12.438Z"}}, {"model": "core.exitrecord", "pk": 6, "fields": {"person": 38, "exit_time": "2024-08-27T08:33:06.820Z"}}, {"model": "core.exitrecord", "pk": 7, "fields": {"person": 38, "exit_time": "2024-08-27T08:33:47.995Z"}}, {"model": "core.exitrecord", "pk": 8, "fields": {"person": 38, "exit_time": "2024-08-27T08:34:29.599Z"}}, {"model": "core.exitrecord", "pk": 9, "fields": {"person": 38, "exit_time": "2024-08-27T08:38:23.967Z"}}, {"model": "core.exitrecord", "pk": 10, "fields": {"person": 38, "exit_time": "2024-08-27T08:48:41.399Z"}}, {"model": "core.exitrecord", "pk": 11, "fields": {"person": 38, "exit_time": "2024-08-27T09:37:55.281Z"}}, {"model": "core.exitrecord", "pk": 12, "fields": {"person": 38, "exit_time": "2024-08-27T09:39:12.509Z"}}, {"model": "core.exitrecord", "pk": 13, "fields": {"person": 38, "exit_time": "2024-08-27T09:40:06.631Z"}}, {"model": "core.exitrecord", "pk": 14, "fields": {"person": 38, "exit_time": "2024-08-27T09:57:13.283Z"}}, {"model": "core.exitrecord", "pk": 15, "fields": {"person": 40, "exit_time": "2024-08-27T12:21:25.523Z"}}]